Timestamp,Temperature (°C),Humidity (%),Soil Moisture (%),Light Level (lux),Water Level Needed (Liters)
10/01/2024 00:00,20.0,95.0,31.6,-999.0,0.96
10/01/2024 01:00,17.9,95.0,35.9,0.0,0.76
10/01/2024 02:00,17.2,95.0,28.0,0.0,0.79
10/01/2024 03:00,18.7,92.5,22.5,0.0,0.98
10/01/2024 04:00,17.2,95.0,26.2,-999.0,0.75
10/01/2024 05:00,23.0,91.9,28.4,0.0,0.93
10/01/2024 06:00,21.0,87.9,24.1,-999.0,1.09
10/01/2024 07:00,23.4,79.4,35.4,387.1,1.13
10/01/2024 08:00,27.5,70.7,27.6,593.2,1.58
10/01/2024 09:00,28.4,71.1,27.2,1051.4,1.83
10/01/2024 10:00,27.3,60.0,25.0,1383.6,2.16
10/01/2024 11:00,28.5,58.5,24.9,1394.7,2.25
10/01/2024 12:00,34.8,56.6,21.2,1475.3,2.5
10/01/2024 13:00,35.5,49.2,,1360.4,2.47
10/01/2024 14:00,35.5,54.7,24.1,1379.3,2.5
10/01/2024 15:00,32.6,52.1,31.4,1057.8,2.31
10/01/2024 16:00,28.2,56.2,26.9,726.1,1.99
10/01/2024 17:00,28.1,56.6,28.0,506.5,1.84
10/01/2024 18:00,28.5,60.7,30.1,26.3,1.61
10/01/2024 19:00,29.0,68.9,30.2,0.0,1.48
10/01/2024 20:00,25.4,73.6,21.5,0.0,1.55
10/01/2024 21:00,24.4,81.5,26.7,0.0,1.16
10/01/2024 22:00,21.2,86.3,25.4,0.0,1.12
10/01/2024 23:00,21.1,95.0,29.4,0.0,0.94
10/02/2024 00:00,18.9,89.9,29.2,0.0,0.94
10/02/2024 01:00,22.7,95.0,29.4,0.0,0.97
10/02/2024 02:00,15.9,95.0,33.2,0.0,0.75
10/02/2024 03:00,16.6,95.0,24.4,1.2,0.93
10/02/2024 04:00,23.0,93.2,25.8,0.0,1.08
10/02/2024 05:00,19.4,87.3,29.5,0.0,0.9
10/02/2024 06:00,22.9,84.3,34.3,10.0,1.01
10/02/2024 07:00,25.4,77.2,28.3,492.8,1.36
10/02/2024 08:00,26.3,75.9,30.2,651.0,1.44
10/02/2024 09:00,29.0,69.6,27.3,1088.4,1.85
10/02/2024 10:00,30.4,63.5,23.0,1448.3,2.27
10/02/2024 11:00,29.5,59.6,22.3,1511.9,2.39
10/02/2024 12:00,31.5,56.7,27.2,1565.8,2.47
10/02/2024 13:00,33.3,48.2,21.5,1383.6,2.5
10/02/2024 14:00,34.6,51.0,27.9,1300.1,2.5
10/02/2024 15:00,33.3,60.4,27.5,992.1,2.05
10/02/2024 16:00,33.8,52.6,27.7,787.9,2.2
10/02/2024 17:00,30.1,52.0,24.2,456.7,2.09
10/02/2024 18:00,27.8,63.1,28.2,10.0,1.64
10/02/2024 19:00,28.2,64.5,28.0,0.0,1.66
10/02/2024 20:00,27.9,78.7,21.1,0.0,1.46
10/02/2024 21:00,24.9,83.3,29.6,0.0,1.51
10/02/2024 22:00,23.0,91.5,31.9,1.6,1.03
10/02/2024 23:00,19.8,95.0,26.0,0.0,0.93
10/03/2024 00:00,18.2,95.0,38.8,0.0,0.5
10/03/2024 01:00,19.5,93.5,27.3,0.0,1.02
10/03/2024 02:00,18.1,95.0,26.7,0.0,0.94
10/03/2024 03:00,17.0,95.0,30.1,0.0,0.73
10/03/2024 04:00,22.9,95.0,20.0,0.0,1.18
10/03/2024 05:00,19.2,95.0,26.1,0.0,0.92
10/03/2024 06:00,22.9,90.5,23.3,10.0,1.13
10/03/2024 07:00,22.8,87.6,29.8,287.4,1.23
10/03/2024 08:00,29.8,78.6,20.0,711.3,1.93
10/03/2024 09:00,26.8,70.1,30.1,986.5,1.74
10/03/2024 10:00,24.2,58.9,26.7,1199.2,2.1
10/03/2024 11:00,29.1,55.8,26.8,1564.2,2.15
10/03/2024 12:00,35.0,53.4,20.6,1537.0,2.5
10/03/2024 13:00,32.6,51.1,23.7,1458.0,2.5
10/03/2024 14:00,36.9,45.7,32.5,1142.9,2.4
10/03/2024 15:00,34.8,51.8,22.1,1044.0,2.4
10/03/2024 16:00,31.9,56.3,26.9,694.6,2.15
10/03/2024 17:00,32.2,60.2,27.9,321.9,1.86
10/03/2024 18:00,31.3,64.6,25.5,10.0,1.87
10/03/2024 19:00,27.0,70.4,26.1,0.0,1.51
10/03/2024 20:00,28.0,77.9,,0.0,1.48
10/03/2024 21:00,24.0,83.9,26.6,0.0,1.26
10/03/2024 22:00,21.8,87.8,30.8,0.0,0.96
10/03/2024 23:00,24.1,89.2,22.9,0.0,1.32
10/04/2024 00:00,20.5,95.0,31.4,0.0,0.86
10/04/2024 01:00,16.7,95.0,27.3,0.0,0.91
10/04/2024 02:00,17.7,95.0,28.4,0.0,0.87
10/04/2024 03:00,17.3,95.0,30.8,0.0,0.8
10/04/2024 04:00,18.2,95.0,30.5,0.0,0.7
10/04/2024 05:00,17.8,90.2,28.8,0.0,0.93
10/04/2024 06:00,24.7,90.5,27.0,10.0,1.07
10/04/2024 07:00,23.9,80.5,29.1,322.1,1.37
10/04/2024 08:00,28.8,74.6,28.0,805.2,1.69
10/04/2024 09:00,28.5,68.6,26.8,998.8,1.89
10/04/2024 10:00,30.9,67.6,29.6,1471.3,2.0
10/04/2024 11:00,33.2,58.0,,1384.2,2.1
10/04/2024 12:00,31.8,45.9,23.4,1439.3,2.5
10/04/2024 13:00,,57.4,28.5,1402.7,2.25
10/04/2024 14:00,34.9,45.4,31.9,1393.4,2.41
10/04/2024 15:00,30.6,55.6,25.4,1159.7,2.1
10/04/2024 16:00,31.8,53.4,25.6,714.0,2.21
10/04/2024 17:00,29.7,56.8,26.6,429.4,1.99
10/04/2024 18:00,28.0,57.1,31.7,26.6,1.6
10/04/2024 19:00,30.9,68.9,30.4,0.0,1.59
10/04/2024 20:00,29.7,81.1,25.1,0.0,1.55
10/04/2024 21:00,25.1,86.3,23.6,0.0,1.34
10/04/2024 22:00,23.9,81.3,23.1,0.0,1.17
10/04/2024 23:00,19.9,95.0,35.0,0.0,0.78
10/05/2024 00:00,22.0,91.8,21.6,0.0,1.15
10/05/2024 01:00,19.0,95.0,21.0,0.0,1.02
10/05/2024 02:00,15.7,95.0,31.8,0.0,0.63
10/05/2024 03:00,17.3,95.0,29.6,0.0,0.88
10/05/2024 04:00,17.3,95.0,27.7,0.0,0.78
10/05/2024 05:00,20.2,89.1,26.7,0.0,0.94
10/05/2024 06:00,25.5,87.6,24.6,17.1,1.26
10/05/2024 07:00,23.5,83.6,31.0,345.8,1.19
10/05/2024 08:00,25.5,66.9,21.3,859.3,2.02
10/05/2024 09:00,27.6,70.5,28.0,1307.0,1.99
10/05/2024 10:00,29.8,59.2,19.6,1315.3,2.25
10/05/2024 11:00,29.1,55.1,21.9,1583.9,2.45
10/05/2024 12:00,32.9,58.5,25.4,1431.1,2.45
10/05/2024 13:00,34.7,47.2,23.8,1378.8,2.46
10/05/2024 14:00,35.7,56.7,18.7,1344.1,2.5
10/05/2024 15:00,32.9,48.8,21.7,1064.5,2.37
10/05/2024 16:00,33.4,53.2,24.0,677.4,2.18
10/05/2024 17:00,33.0,59.1,21.2,396.2,2.16
10/05/2024 18:00,27.0,64.4,24.2,45.6,1.61
10/05/2024 19:00,24.8,62.8,27.8,0.0,1.57
10/05/2024 20:00,24.4,77.2,21.0,0.0,1.45
10/05/2024 21:00,21.7,79.2,28.7,0.0,1.12
10/05/2024 22:00,21.3,91.0,26.3,0.0,1.11
10/05/2024 23:00,18.3,94.5,35.3,0.0,0.53
10/06/2024 00:00,17.6,95.0,28.9,0.0,0.85
10/06/2024 01:00,17.2,95.0,29.2,0.0,0.9
10/06/2024 02:00,18.5,95.0,27.8,0.0,0.83
10/06/2024 03:00,17.5,95.0,28.1,0.0,0.86
10/06/2024 04:00,22.8,95.0,26.9,0.0,1.12
10/06/2024 05:00,19.6,85.5,25.1,0.0,0.95
10/06/2024 06:00,21.4,87.6,35.3,26.2,0.91
10/06/2024 07:00,25.4,73.7,28.3,449.9,1.41
10/06/2024 08:00,28.1,76.2,24.9,800.6,1.92
10/06/2024 09:00,28.4,69.4,24.6,992.7,1.98
10/06/2024 10:00,28.5,62.8,24.5,1337.4,2.15
10/06/2024 11:00,33.5,55.5,23.9,1370.6,2.37
10/06/2024 12:00,33.6,56.0,21.2,1569.6,2.5
10/06/2024 13:00,34.5,57.4,21.6,1349.3,2.3
10/06/2024 14:00,36.7,52.3,23.8,1321.4,2.45
10/06/2024 15:00,38.1,51.3,24.0,1118.7,2.5
10/06/2024 16:00,33.3,50.6,26.9,900.6,2.38
10/06/2024 17:00,34.5,55.5,20.7,378.2,2.21
10/06/2024 18:00,32.0,56.6,31.5,10.0,1.75
10/06/2024 19:00,26.2,62.7,30.4,0.0,1.54
10/06/2024 20:00,23.7,70.5,26.5,0.0,1.56
10/06/2024 21:00,23.5,76.2,27.0,0.0,1.3
10/06/2024 22:00,17.1,87.3,28.9,0.0,0.98
10/06/2024 23:00,23.7,95.0,26.8,0.0,0.96
10/07/2024 00:00,23.7,95.0,27.9,0.0,1.03
10/07/2024 01:00,18.6,95.0,27.1,0.0,0.85
10/07/2024 02:00,17.9,95.0,26.8,0.0,0.88
10/07/2024 03:00,17.8,95.0,19.1,0.0,1.11
10/07/2024 04:00,21.3,89.4,27.2,0.0,1.02
10/07/2024 05:00,17.8,90.0,25.2,0.0,1.12
10/07/2024 06:00,23.7,92.0,30.8,10.0,0.98
10/07/2024 07:00,24.8,77.2,30.4,369.0,1.36
10/07/2024 08:00,27.3,76.6,25.4,842.7,1.63
10/07/2024 09:00,29.2,70.6,25.0,1086.8,1.84
10/07/2024 10:00,31.7,61.9,23.4,1383.0,2.21
10/07/2024 11:00,29.1,51.9,28.7,1346.5,2.36
10/07/2024 12:00,29.2,59.3,27.1,1492.3,2.15
10/07/2024 13:00,34.4,50.7,29.1,1458.0,2.44
10/07/2024 14:00,33.3,49.8,26.2,1162.2,2.27
10/07/2024 15:00,35.1,51.4,23.7,1062.1,2.45
10/07/2024 16:00,32.0,50.6,26.2,671.7,2.21
10/07/2024 17:00,28.6,60.9,28.3,408.7,1.88
10/07/2024 18:00,33.0,66.1,17.7,10.0,1.9
10/07/2024 19:00,28.1,70.3,23.7,0.0,1.63
10/07/2024 20:00,24.6,72.9,22.0,0.0,1.43
10/07/2024 21:00,21.5,78.1,32.8,0.0,1.04
10/07/2024 22:00,26.7,89.2,27.7,0.0,1.14
10/07/2024 23:00,21.6,90.7,29.0,0.0,1.21
10/08/2024 00:00,18.9,95.0,26.5,0.0,0.91
10/08/2024 01:00,21.5,95.0,35.8,0.0,0.86
10/08/2024 02:00,17.0,95.0,33.8,0.0,0.76
10/08/2024 03:00,15.4,95.0,29.4,0.0,0.74
10/08/2024 04:00,20.2,95.0,23.6,0.0,1.04
10/08/2024 05:00,21.4,94.6,32.9,0.0,0.93
10/08/2024 06:00,22.8,87.3,21.5,34.4,1.27
10/08/2024 07:00,24.4,77.0,23.4,472.5,1.55
10/08/2024 08:00,27.2,75.1,27.0,825.1,1.66
10/08/2024 09:00,28.2,66.9,24.8,1035.9,1.98
10/08/2024 10:00,29.1,66.9,22.7,1284.1,2.07
10/08/2024 11:00,34.3,58.0,28.8,1330.0,2.3
10/08/2024 12:00,34.5,53.6,28.9,1458.6,2.5
10/08/2024 13:00,37.9,49.6,21.8,1565.2,2.5
10/08/2024 14:00,33.1,48.5,23.9,1191.5,2.37
10/08/2024 15:00,31.9,48.2,25.3,1079.4,2.48
10/08/2024 16:00,31.1,56.8,,746.0,2.16
10/08/2024 17:00,29.6,58.7,26.8,427.6,1.92
10/08/2024 18:00,34.4,60.3,22.6,10.0,1.93
10/08/2024 19:00,26.9,72.7,32.6,0.0,1.32
10/08/2024 20:00,24.5,76.6,25.4,0.0,1.43
10/08/2024 21:00,24.3,76.2,33.9,0.0,1.35
10/08/2024 22:00,20.9,86.1,29.9,0.0,1.06
10/08/2024 23:00,21.5,95.0,27.8,0.0,0.9
10/09/2024 00:00,16.6,94.1,29.9,0.0,0.93
10/09/2024 01:00,17.3,95.0,29.7,0.0,0.9
10/09/2024 02:00,22.5,95.0,26.3,0.0,1.11
10/09/2024 03:00,19.5,95.0,31.5,0.0,0.8
10/09/2024 04:00,20.1,95.0,32.3,3.9,0.87
10/09/2024 05:00,22.3,95.0,33.8,0.0,0.92
10/09/2024 06:00,21.7,88.0,33.3,10.0,1.0
10/09/2024 07:00,23.2,81.6,33.2,403.5,1.23
10/09/2024 08:00,23.6,77.6,,923.1,1.49
10/09/2024 09:00,28.5,69.4,32.8,1053.0,1.8
10/09/2024 10:00,31.1,63.2,23.9,1314.6,2.29
10/09/2024 11:00,29.8,57.8,23.3,1544.5,2.2
10/09/2024 12:00,31.9,54.7,31.7,1494.7,2.21
10/09/2024 13:00,37.1,45.8,15.1,1484.1,2.5
10/09/2024 14:00,32.2,52.5,26.3,1253.9,2.23
10/09/2024 15:00,35.3,53.1,24.0,1208.4,2.36
10/09/2024 16:00,30.2,50.9,25.8,769.5,2.14
10/09/2024 17:00,32.3,52.9,31.1,381.7,2.06
10/09/2024 18:00,30.6,64.1,28.1,35.8,1.76
10/09/2024 19:00,30.5,69.2,28.7,0.0,1.6
10/09/2024 20:00,28.6,72.6,33.6,0.0,1.39
10/09/2024 21:00,21.4,81.9,25.9,0.0,1.26
10/09/2024 22:00,20.8,85.9,21.2,0.0,1.18
10/09/2024 23:00,16.0,87.1,33.2,0.0,0.87
10/10/2024 00:00,19.8,93.3,28.9,0.0,0.92
10/10/2024 01:00,16.2,95.0,33.6,0.0,0.67
10/10/2024 02:00,18.0,95.0,21.4,0.0,0.97
10/10/2024 03:00,17.0,95.0,28.8,3.7,0.95
10/10/2024 04:00,20.2,94.7,31.2,0.0,0.97
10/10/2024 05:00,22.0,92.9,25.8,0.0,1.11
10/10/2024 06:00,22.7,90.6,30.7,84.0,0.99
10/10/2024 07:00,26.3,82.2,35.4,333.1,1.39
10/10/2024 08:00,26.4,72.7,25.1,724.4,1.75
10/10/2024 09:00,29.0,66.5,26.2,1232.0,2.16
10/10/2024 10:00,30.8,62.6,26.2,1348.1,2.08
10/10/2024 11:00,31.2,51.5,27.2,1500.7,2.33
10/10/2024 12:00,35.8,49.1,18.4,1518.0,2.5
10/10/2024 13:00,36.8,49.2,28.3,1445.8,2.5
10/10/2024 14:00,35.6,52.3,18.0,1417.2,2.5
10/10/2024 15:00,32.6,52.2,27.2,1081.5,2.23
10/10/2024 16:00,31.7,53.3,30.2,793.5,2.06
10/10/2024 17:00,,47.4,29.7,249.1,2.03
10/10/2024 18:00,28.0,58.0,31.2,10.0,1.68
10/10/2024 19:00,28.0,70.2,26.9,0.0,1.45
10/10/2024 20:00,27.8,73.3,20.4,0.0,1.59
10/10/2024 21:00,26.6,84.4,25.6,0.0,1.29
10/10/2024 22:00,21.4,94.8,30.1,0.0,0.95
10/10/2024 23:00,22.2,93.5,27.3,0.0,1.0
10/11/2024 00:00,18.9,95.0,32.2,0.0,0.8
10/11/2024 01:00,19.6,95.0,29.4,0.0,0.72
10/11/2024 02:00,19.6,95.0,33.1,0.0,0.57
10/11/2024 03:00,22.0,95.0,32.8,0.0,0.8
10/11/2024 04:00,20.2,93.0,26.4,0.0,1.14
10/11/2024 05:00,20.0,93.4,32.5,0.0,0.89
10/11/2024 06:00,22.3,88.8,37.9,10.0,0.9
10/11/2024 07:00,25.8,85.3,32.0,439.3,1.19
10/11/2024 08:00,28.9,71.0,,689.7,1.75
10/11/2024 09:00,28.7,69.7,28.1,1189.8,1.95
10/11/2024 10:00,29.6,65.9,30.9,1200.8,1.99
10/11/2024 11:00,32.9,56.3,30.6,1436.9,2.27
10/11/2024 12:00,32.6,53.4,20.8,1384.8,2.5
10/11/2024 13:00,32.2,47.4,16.7,1397.8,2.5
10/11/2024 14:00,37.0,53.5,21.1,1479.2,2.5
10/11/2024 15:00,33.1,42.1,34.2,949.5,2.13
10/11/2024 16:00,34.8,61.9,30.1,795.1,2.1
10/11/2024 17:00,33.2,60.0,26.2,396.6,1.99
10/11/2024 18:00,28.6,61.5,19.6,10.0,1.77
10/11/2024 19:00,26.1,69.2,32.7,0.0,1.46
10/11/2024 20:00,23.2,71.5,31.8,0.0,1.21
10/11/2024 21:00,23.5,83.4,24.1,0.0,1.28
10/11/2024 22:00,19.6,85.4,30.4,0.0,0.87
10/11/2024 23:00,21.1,92.6,30.9,0.0,0.94
10/12/2024 00:00,21.5,95.0,26.8,0.0,0.99
10/12/2024 01:00,19.3,95.0,29.4,0.0,0.81
10/12/2024 02:00,16.8,95.0,,0.0,0.54
10/12/2024 03:00,17.0,95.0,33.5,0.0,0.69
10/12/2024 04:00,21.3,94.3,29.7,0.0,0.86
10/12/2024 05:00,24.2,88.5,29.0,0.0,1.17
10/12/2024 06:00,22.7,86.9,27.7,10.0,1.11
10/12/2024 07:00,25.7,89.2,25.1,278.6,1.31
10/12/2024 08:00,30.6,72.2,32.4,884.2,1.71
10/12/2024 09:00,29.1,74.2,24.8,1044.4,1.83
10/12/2024 10:00,28.2,60.2,21.6,1301.8,2.14
10/12/2024 11:00,32.1,51.9,26.7,1515.6,2.25
10/12/2024 12:00,33.6,57.6,20.1,1633.8,2.5
10/12/2024 13:00,32.5,50.7,27.5,1455.0,2.44
10/12/2024 14:00,32.3,50.6,19.7,1290.1,2.43
10/12/2024 15:00,32.4,55.2,29.6,1109.4,2.1
10/12/2024 16:00,32.4,57.6,25.8,935.5,2.2
10/12/2024 17:00,32.0,56.2,25.9,376.0,2.07
10/12/2024 18:00,31.7,59.7,20.2,10.0,2.0
10/12/2024 19:00,,61.0,28.7,0.0,1.79
10/12/2024 20:00,26.0,77.9,27.5,0.0,1.35
10/12/2024 21:00,25.6,80.5,28.4,0.0,1.32
10/12/2024 22:00,20.8,91.0,28.1,0.0,0.94
10/12/2024 23:00,21.3,89.5,28.7,0.0,1.02
10/13/2024 00:00,21.0,95.0,28.6,0.0,1.0
10/13/2024 01:00,20.8,95.0,,0.0,0.82
10/13/2024 02:00,16.1,95.0,27.7,0.0,0.79
10/13/2024 03:00,18.4,95.0,29.2,0.0,0.88
10/13/2024 04:00,19.2,89.7,25.5,0.0,1.01
10/13/2024 05:00,18.2,94.8,35.7,0.0,0.81
10/13/2024 06:00,21.6,92.7,29.1,10.0,0.93
10/13/2024 07:00,23.4,80.1,28.7,401.1,1.35
10/13/2024 08:00,26.8,79.2,30.8,631.2,1.29
10/13/2024 09:00,29.8,63.7,25.2,967.1,1.88
10/13/2024 10:00,31.0,65.2,23.4,1091.8,2.07
10/13/2024 11:00,32.4,52.1,26.0,1447.7,2.45
10/13/2024 12:00,33.1,49.9,29.9,1487.3,2.39
10/13/2024 13:00,32.0,49.3,21.9,1435.1,2.5
10/13/2024 14:00,31.5,44.4,31.4,1282.3,2.28
10/13/2024 15:00,35.6,48.7,31.6,1114.9,2.3
10/13/2024 16:00,36.8,51.2,26.9,773.9,2.43
10/13/2024 17:00,34.5,57.4,21.6,425.0,2.12
10/13/2024 18:00,33.6,63.0,23.5,14.8,1.79
10/13/2024 19:00,26.3,72.7,24.5,0.0,1.42
10/13/2024 20:00,27.0,79.1,29.8,0.0,1.41
10/13/2024 21:00,22.6,76.5,34.2,0.0,1.12
10/13/2024 22:00,21.5,92.1,30.8,0.0,0.98
10/13/2024 23:00,24.2,90.4,31.5,0.0,1.04
10/14/2024 00:00,19.6,95.0,31.2,0.0,0.88
10/14/2024 01:00,20.2,95.0,25.6,0.0,0.89
10/14/2024 02:00,14.5,95.0,26.2,0.0,0.77
10/14/2024 03:00,17.8,95.0,32.9,0.0,0.82
10/14/2024 04:00,18.0,95.0,30.7,0.0,0.78
10/14/2024 05:00,23.2,94.4,31.0,0.0,1.01
10/14/2024 06:00,24.1,88.1,22.6,32.0,1.21
10/14/2024 07:00,23.0,83.5,33.1,389.9,1.22
10/14/2024 08:00,29.1,75.8,36.7,795.2,1.4
10/14/2024 09:00,29.4,69.9,31.3,1114.5,1.83
10/14/2024 10:00,27.8,61.8,23.3,1252.6,2.16
10/14/2024 11:00,34.7,58.7,19.8,1484.5,2.5
10/14/2024 12:00,31.8,52.9,25.5,1437.2,2.43
10/14/2024 13:00,33.5,52.3,21.4,1413.9,2.5
10/14/2024 14:00,33.3,56.0,23.4,1317.0,2.46
10/14/2024 15:00,31.2,44.7,19.5,1161.7,2.48
10/14/2024 16:00,37.5,51.4,,873.4,2.5
10/14/2024 17:00,35.4,61.6,28.5,435.6,2.06
10/14/2024 18:00,29.0,59.6,26.3,10.0,1.72
10/14/2024 19:00,29.3,71.9,26.6,0.0,1.69
10/14/2024 20:00,23.9,74.3,25.0,0.0,1.25
10/14/2024 21:00,23.8,81.0,33.9,0.0,1.17
10/14/2024 22:00,20.2,94.0,33.8,0.0,0.87
10/14/2024 23:00,19.9,89.3,27.5,-999.0,1.09
10/15/2024 00:00,22.5,95.0,26.3,0.0,0.93
10/15/2024 01:00,18.5,93.0,30.7,0.0,0.83
10/15/2024 02:00,17.2,94.4,31.9,0.0,0.72
10/15/2024 03:00,16.2,89.1,30.0,-999.0,0.99
10/15/2024 04:00,22.1,95.0,26.0,0.0,1.06
10/15/2024 05:00,18.5,93.7,32.5,3.2,0.9
10/15/2024 06:00,21.8,86.8,24.9,10.0,1.14
10/15/2024 07:00,24.6,84.7,24.4,507.6,1.41
10/15/2024 08:00,26.0,72.4,17.5,820.7,1.95
10/15/2024 09:00,27.6,68.8,28.8,935.7,1.76
10/15/2024 10:00,31.4,58.1,26.8,1190.5,2.23
10/15/2024 11:00,31.6,51.7,30.2,1390.1,2.22
10/15/2024 12:00,33.3,57.4,20.9,1504.9,2.5
10/15/2024 13:00,35.0,51.5,23.0,1382.7,2.5
10/15/2024 14:00,32.1,39.8,27.1,1371.4,2.35
10/15/2024 15:00,31.9,53.0,33.7,1062.3,2.05
10/15/2024 16:00,32.6,58.2,22.6,686.1,2.12
10/15/2024 17:00,,57.8,32.5,414.1,1.78
10/15/2024 18:00,29.5,57.0,29.7,10.0,1.72
10/15/2024 19:00,33.8,69.6,21.9,0.0,1.8
10/15/2024 20:00,28.1,75.4,20.8,0.0,1.67
10/15/2024 21:00,22.7,88.0,32.5,0.0,0.98
10/15/2024 22:00,24.3,87.7,31.1,0.0,1.13
10/15/2024 23:00,18.8,90.4,33.5,0.8,0.81
10/16/2024 00:00,18.3,93.3,31.2,0.0,0.99
10/16/2024 01:00,16.4,95.0,35.7,0.0,0.65
10/16/2024 02:00,18.8,95.0,31.1,0.0,0.8
10/16/2024 03:00,20.0,95.0,39.4,0.0,0.73
10/16/2024 04:00,19.7,95.0,27.7,0.0,0.94
10/16/2024 05:00,19.8,93.3,34.3,0.0,0.73
10/16/2024 06:00,24.1,92.1,27.3,-999.0,1.05
10/16/2024 07:00,26.3,81.4,23.1,347.8,1.58
10/16/2024 08:00,27.0,74.2,25.4,718.7,1.63
10/16/2024 09:00,31.0,67.4,30.6,1182.4,2.04
10/16/2024 10:00,29.2,63.9,26.1,1226.7,2.09
10/16/2024 11:00,29.5,61.5,24.3,1465.0,2.24
10/16/2024 12:00,32.5,55.4,23.4,1569.7,2.34
10/16/2024 13:00,34.0,57.6,20.8,1394.7,2.5
10/16/2024 14:00,34.3,51.2,26.7,1349.8,2.5
10/16/2024 15:00,34.5,50.0,27.3,1212.7,2.39
10/16/2024 16:00,31.2,57.2,25.2,576.2,2.11
10/16/2024 17:00,30.7,57.0,27.1,403.5,2.0
10/16/2024 18:00,29.2,64.3,25.2,59.1,1.77
10/16/2024 19:00,26.4,72.3,24.9,0.0,1.57
10/16/2024 20:00,26.7,81.4,26.1,0.0,1.33
10/16/2024 21:00,23.9,80.4,31.0,0.0,1.06
10/16/2024 22:00,20.1,83.8,32.8,0.0,1.13
10/16/2024 23:00,20.2,92.1,29.2,0.0,1.03
10/17/2024 00:00,17.4,95.0,33.7,0.0,0.76
10/17/2024 01:00,18.6,95.0,18.6,0.0,1.12
10/17/2024 02:00,16.8,93.6,32.0,0.0,0.87
10/17/2024 03:00,18.0,95.0,36.0,0.0,0.8
10/17/2024 04:00,22.0,95.0,28.7,0.0,0.83
10/17/2024 05:00,19.9,89.7,37.7,0.0,0.78
10/17/2024 06:00,22.2,89.4,28.5,135.6,1.05
10/17/2024 07:00,24.3,78.9,22.4,339.3,1.5
10/17/2024 08:00,25.2,72.6,21.8,743.4,1.63
10/17/2024 09:00,29.4,68.8,20.3,1035.9,1.99
10/17/2024 10:00,30.6,67.2,18.3,1308.2,2.22
10/17/2024 11:00,32.9,58.1,22.1,1423.4,2.34
10/17/2024 12:00,34.9,53.4,32.1,1495.1,2.3
10/17/2024 13:00,31.0,44.5,19.4,1470.3,2.5
10/17/2024 14:00,31.2,53.1,23.7,1310.8,2.49
10/17/2024 15:00,35.3,49.9,20.8,888.5,2.4
10/17/2024 16:00,32.5,49.9,24.7,756.1,2.24
10/17/2024 17:00,30.5,57.9,27.6,-999.0,2.0
10/17/2024 18:00,29.8,62.6,28.9,18.7,1.76
10/17/2024 19:00,28.6,66.4,27.9,0.0,1.51
10/17/2024 20:00,26.2,74.9,26.3,0.0,1.43
10/17/2024 21:00,20.5,79.5,29.2,0.0,1.15
10/17/2024 22:00,20.2,91.9,,0.0,1.1
10/17/2024 23:00,21.1,90.4,35.8,0.0,0.77
10/18/2024 00:00,20.7,95.0,26.1,0.0,1.09
10/18/2024 01:00,17.8,95.0,30.7,0.0,0.78
10/18/2024 02:00,19.5,95.0,22.2,0.0,1.12
10/18/2024 03:00,15.3,95.0,34.9,0.0,0.55
10/18/2024 04:00,18.3,92.8,28.7,0.0,0.86
10/18/2024 05:00,21.7,95.0,34.1,0.0,0.8
10/18/2024 06:00,21.6,81.6,25.3,77.2,1.37
10/18/2024 07:00,21.7,79.4,28.4,410.6,1.25
10/18/2024 08:00,26.8,73.3,26.9,793.7,1.71
10/18/2024 09:00,27.3,68.1,26.5,1031.1,1.86
10/18/2024 10:00,32.9,64.5,23.9,1354.8,2.22
10/18/2024 11:00,33.8,58.6,24.4,1484.7,2.27
10/18/2024 12:00,30.9,49.2,26.3,1638.6,2.5
10/18/2024 13:00,34.9,52.6,17.3,1405.5,2.5
10/18/2024 14:00,32.9,49.4,23.2,1140.7,2.48
10/18/2024 15:00,31.8,51.7,33.8,987.1,1.9
10/18/2024 16:00,32.4,57.2,33.1,651.6,1.99
10/18/2024 17:00,30.8,57.0,36.3,268.0,1.74
10/18/2024 18:00,30.8,66.3,26.2,24.6,1.68
10/18/2024 19:00,28.6,67.3,28.9,0.0,1.54
10/18/2024 20:00,26.7,74.9,31.5,0.0,1.34
10/18/2024 21:00,20.7,85.9,25.2,0.0,1.08
10/18/2024 22:00,20.9,92.3,20.2,0.0,1.39
10/18/2024 23:00,22.2,93.5,28.1,0.0,1.02
10/19/2024 00:00,20.0,95.0,,0.0,0.86
10/19/2024 01:00,17.9,95.0,28.9,0.0,0.92
10/19/2024 02:00,19.1,89.7,31.9,0.0,0.91
10/19/2024 03:00,18.2,95.0,34.0,0.0,0.82
10/19/2024 04:00,17.7,95.0,25.8,0.0,0.78
10/19/2024 05:00,19.2,95.0,33.1,0.0,0.83
10/19/2024 06:00,23.3,89.3,25.4,34.6,1.23
10/19/2024 07:00,25.3,85.6,30.2,416.3,1.38
10/19/2024 08:00,26.0,71.9,26.5,690.4,1.62
10/19/2024 09:00,27.8,65.8,25.4,909.2,1.93
10/19/2024 10:00,30.0,59.6,28.6,1374.0,2.02
10/19/2024 11:00,30.3,54.6,22.2,1515.2,2.39
10/19/2024 12:00,32.5,46.3,27.8,1400.9,2.45
10/19/2024 13:00,34.2,55.6,19.5,1207.3,2.48
10/19/2024 14:00,37.2,54.3,24.7,1259.7,2.5
10/19/2024 15:00,32.0,52.5,27.4,1145.5,2.49
10/19/2024 16:00,33.6,51.6,24.8,608.5,2.16
10/19/2024 17:00,30.9,55.5,26.3,322.4,2.05
10/19/2024 18:00,30.0,62.5,24.7,12.4,1.84
10/19/2024 19:00,26.5,66.2,25.8,0.0,1.48
10/19/2024 20:00,24.5,73.3,31.1,0.0,1.33
10/19/2024 21:00,24.3,84.4,27.2,0.0,1.25
10/19/2024 22:00,21.8,88.4,26.1,0.0,0.91
10/19/2024 23:00,20.1,95.0,32.7,0.0,0.9
10/20/2024 00:00,21.3,95.0,29.4,0.0,0.88
10/20/2024 01:00,17.7,95.0,34.5,0.0,0.7
10/20/2024 02:00,17.2,95.0,32.2,0.0,0.63
10/20/2024 03:00,14.1,95.0,25.9,0.0,0.74
10/20/2024 04:00,18.8,95.0,35.2,0.0,0.76
10/20/2024 05:00,20.9,94.9,24.2,0.0,1.1
10/20/2024 06:00,21.9,89.8,24.1,10.0,1.2
10/20/2024 07:00,24.6,78.3,,478.3,1.43
10/20/2024 08:00,29.0,71.8,28.9,723.7,1.78
10/20/2024 09:00,27.1,68.0,27.0,980.5,1.91
10/20/2024 10:00,29.1,61.7,22.3,1094.1,2.11
10/20/2024 11:00,36.0,60.1,24.1,1427.9,2.43
10/20/2024 12:00,33.9,49.2,29.3,1557.2,2.5
10/20/2024 13:00,34.5,50.9,27.3,1496.2,2.45
10/20/2024 14:00,33.0,50.4,31.3,1199.9,2.15
10/20/2024 15:00,34.0,51.0,25.5,1080.2,2.35
10/20/2024 16:00,35.6,47.7,21.0,741.7,2.32
10/20/2024 17:00,31.3,63.1,25.7,406.7,1.8
10/20/2024 18:00,28.9,61.2,25.1,102.5,1.82
10/20/2024 19:00,26.1,69.4,29.2,0.0,1.55
10/20/2024 20:00,28.8,71.4,23.1,0.0,1.53
10/20/2024 21:00,23.5,83.1,31.9,0.0,1.11
10/20/2024 22:00,21.4,88.0,25.2,0.0,1.29
10/20/2024 23:00,17.4,93.3,37.9,0.0,0.67
10/21/2024 00:00,18.7,95.0,28.7,0.0,0.97
10/21/2024 01:00,14.3,95.0,25.0,0.0,0.78
10/21/2024 02:00,17.2,95.0,23.4,0.0,0.96
10/21/2024 03:00,21.9,94.4,29.2,0.0,0.9
10/21/2024 04:00,19.8,95.0,26.5,0.0,0.98
10/21/2024 05:00,23.6,92.0,30.8,2.2,0.91
10/21/2024 06:00,20.3,89.2,34.8,28.4,0.86
10/21/2024 07:00,23.9,77.1,30.2,458.8,1.36
10/21/2024 08:00,25.2,75.9,25.7,744.7,1.79
10/21/2024 09:00,27.6,67.3,24.1,1120.2,1.96
10/21/2024 10:00,28.8,67.1,32.0,1251.0,1.74
10/21/2024 11:00,33.5,54.9,28.1,1291.3,2.38
10/21/2024 12:00,30.7,55.9,25.8,1423.7,2.26
10/21/2024 13:00,35.0,51.2,26.8,1607.0,2.4
10/21/2024 14:00,36.9,50.4,20.3,1192.6,2.5
10/21/2024 15:00,35.4,50.4,30.4,944.6,2.28
10/21/2024 16:00,30.7,54.6,29.3,716.3,1.82
10/21/2024 17:00,32.0,58.9,27.0,487.1,1.9
10/21/2024 18:00,31.2,66.7,18.5,25.6,1.83
10/21/2024 19:00,27.9,69.7,24.7,0.0,1.54
10/21/2024 20:00,26.1,71.2,22.8,0.0,1.61
10/21/2024 21:00,21.9,83.8,30.3,0.0,0.96
10/21/2024 22:00,20.8,91.7,24.8,0.0,1.02
10/21/2024 23:00,21.2,95.0,27.6,0.0,0.91
10/22/2024 00:00,21.6,95.0,32.4,0.0,0.88
10/22/2024 01:00,16.8,95.0,32.1,0.0,0.77
10/22/2024 02:00,20.5,95.0,22.8,0.0,1.12
10/22/2024 03:00,16.5,95.0,31.1,0.0,0.91
10/22/2024 04:00,24.7,95.0,26.9,0.0,1.12
10/22/2024 05:00,21.9,91.6,35.6,0.0,0.89
10/22/2024 06:00,22.9,89.8,29.8,67.1,1.01
10/22/2024 07:00,22.9,77.6,29.9,450.5,1.4
10/22/2024 08:00,29.0,75.0,29.0,662.7,1.63
10/22/2024 09:00,29.3,71.5,25.0,1054.9,1.8
10/22/2024 10:00,29.4,65.6,28.5,1339.1,2.03
10/22/2024 11:00,31.7,55.0,28.3,1482.6,2.34
10/22/2024 12:00,32.0,45.8,29.8,1461.7,2.35
10/22/2024 13:00,35.0,49.5,28.7,1498.2,2.5
10/22/2024 14:00,31.5,54.2,26.6,1269.5,2.29
10/22/2024 15:00,30.5,52.3,21.7,952.4,2.16
10/22/2024 16:00,34.9,51.1,30.7,707.1,2.04
10/22/2024 17:00,29.6,61.6,25.5,344.4,1.87
10/22/2024 18:00,30.9,66.4,31.5,10.0,1.5
10/22/2024 19:00,27.3,69.4,23.0,0.0,1.54
10/22/2024 20:00,26.6,74.8,27.2,0.0,1.37
10/22/2024 21:00,23.5,78.2,31.5,0.0,1.28
10/22/2024 22:00,18.7,84.2,23.4,0.0,1.08
10/22/2024 23:00,20.2,87.6,25.3,0.0,1.01
10/23/2024 00:00,19.4,95.0,26.3,0.0,0.95
10/23/2024 01:00,17.3,95.0,36.5,0.0,0.77
10/23/2024 02:00,15.7,95.0,33.5,0.0,0.58
10/23/2024 03:00,19.7,95.0,24.6,0.0,0.9
10/23/2024 04:00,20.9,95.0,30.9,0.0,0.91
10/23/2024 05:00,21.0,88.0,32.9,0.0,1.05
10/23/2024 06:00,21.6,87.3,22.4,41.1,1.25
10/23/2024 07:00,23.8,85.4,26.5,433.4,1.25
10/23/2024 08:00,26.0,74.4,28.1,720.4,1.61
10/23/2024 09:00,29.6,67.0,19.7,1200.6,2.26
10/23/2024 10:00,27.7,64.9,24.7,1320.1,2.08
10/23/2024 11:00,31.2,54.6,22.9,1375.6,2.31
10/23/2024 12:00,32.8,50.8,27.9,1619.0,2.4
10/23/2024 13:00,34.2,52.6,26.6,1455.0,2.5
10/23/2024 14:00,34.9,45.7,28.0,1370.0,2.45
10/23/2024 15:00,33.8,53.2,24.0,1146.5,2.5
10/23/2024 16:00,31.5,48.5,26.8,807.7,2.21
10/23/2024 17:00,34.3,52.6,27.5,339.8,2.23
10/23/2024 18:00,33.6,59.8,22.7,68.8,1.95
10/23/2024 19:00,28.0,68.6,18.9,0.0,1.73
10/23/2024 20:00,24.8,73.3,33.3,0.0,1.18
10/23/2024 21:00,25.4,80.5,26.3,0.0,1.39
10/23/2024 22:00,22.6,89.5,32.1,0.0,0.97
10/23/2024 23:00,19.2,88.9,25.9,0.0,1.26
10/24/2024 00:00,21.3,91.9,23.3,0.0,1.13
10/24/2024 01:00,19.3,95.0,28.2,0.0,0.88
10/24/2024 02:00,18.6,95.0,20.5,0.0,1.0
10/24/2024 03:00,16.7,95.0,41.9,0.0,0.57
10/24/2024 04:00,18.5,95.0,31.4,0.0,0.84
10/24/2024 05:00,21.4,95.0,24.1,0.0,1.07
10/24/2024 06:00,20.3,89.4,25.2,10.0,1.04
10/24/2024 07:00,25.7,84.7,22.3,392.6,1.42
10/24/2024 08:00,23.7,74.2,26.7,944.1,1.68
10/24/2024 09:00,25.6,66.6,31.4,1227.7,1.68
10/24/2024 10:00,26.6,69.0,28.6,1229.6,1.9
10/24/2024 11:00,26.9,57.3,28.2,1522.8,2.06
10/24/2024 12:00,33.1,50.1,26.1,1428.4,2.42
10/24/2024 13:00,31.9,53.1,28.9,1430.1,2.31
10/24/2024 14:00,31.4,49.0,25.4,1508.7,2.36
10/24/2024 15:00,36.4,54.3,25.2,1201.3,2.46
10/24/2024 16:00,33.6,53.2,29.8,837.7,2.12
10/24/2024 17:00,29.3,56.6,23.0,383.1,2.08
10/24/2024 18:00,29.2,62.4,26.5,67.9,1.55
10/24/2024 19:00,27.0,69.3,31.7,0.0,1.4
10/24/2024 20:00,22.6,77.2,25.7,0.0,1.21
10/24/2024 21:00,22.8,80.8,25.7,0.0,1.08
10/24/2024 22:00,23.6,92.0,30.5,0.0,0.93
10/24/2024 23:00,20.0,92.7,31.4,0.0,0.93
10/25/2024 00:00,17.8,95.0,31.5,0.0,0.9
10/25/2024 01:00,19.5,95.0,29.5,0.0,0.98
10/25/2024 02:00,18.7,95.0,35.0,0.4,0.79
10/25/2024 03:00,17.5,95.0,30.9,0.0,0.82
10/25/2024 04:00,19.4,95.0,36.0,0.0,0.82
10/25/2024 05:00,20.7,95.0,24.7,0.0,1.03
10/25/2024 06:00,25.3,86.7,24.0,10.0,1.19
10/25/2024 07:00,22.5,80.2,22.6,389.5,1.51
10/25/2024 08:00,24.4,80.3,29.7,832.4,1.43
10/25/2024 09:00,29.6,64.7,29.7,1074.4,1.99
10/25/2024 10:00,27.9,59.4,29.0,1223.2,2.07
10/25/2024 11:00,29.2,60.3,21.3,1493.1,2.34
10/25/2024 12:00,31.7,55.4,26.5,1456.9,2.25
10/25/2024 13:00,30.2,52.1,19.7,1456.5,2.45
10/25/2024 14:00,35.2,48.9,23.1,1357.6,2.5
10/25/2024 15:00,34.3,52.5,18.6,1121.2,2.5
10/25/2024 16:00,31.1,52.5,25.5,739.2,2.18
10/25/2024 17:00,34.2,61.1,19.5,438.0,2.26
10/25/2024 18:00,30.7,66.3,33.8,81.9,1.6
10/25/2024 19:00,30.0,69.0,26.1,0.0,1.61
10/25/2024 20:00,28.8,72.1,32.5,0.0,1.47
10/25/2024 21:00,21.4,82.8,20.2,0.0,1.35
10/25/2024 22:00,23.6,85.4,28.4,0.0,1.32
10/25/2024 23:00,19.4,89.0,,0.0,1.0
10/26/2024 00:00,19.1,95.0,34.6,0.0,0.7
10/26/2024 01:00,17.4,95.0,36.5,0.0,0.71
10/26/2024 02:00,16.4,95.0,28.0,0.0,0.78
10/26/2024 03:00,18.9,95.0,32.7,0.0,0.82
10/26/2024 04:00,19.9,95.0,31.3,0.0,0.64
10/26/2024 05:00,19.8,93.5,24.5,0.0,1.03
10/26/2024 06:00,21.6,93.6,34.8,10.0,0.84
10/26/2024 07:00,23.8,79.9,28.6,327.6,1.25
10/26/2024 08:00,27.1,77.2,23.7,821.6,1.68
10/26/2024 09:00,28.5,71.4,26.3,1097.0,1.85
10/26/2024 10:00,29.6,61.8,23.1,1284.9,2.06
10/26/2024 11:00,30.8,56.3,24.7,1429.6,2.31
10/26/2024 12:00,33.8,56.4,22.3,1403.7,2.36
10/26/2024 13:00,32.9,49.6,22.1,1345.2,2.47
10/26/2024 14:00,34.3,52.1,22.5,1266.0,2.4
10/26/2024 15:00,33.7,47.9,27.2,917.8,2.3
10/26/2024 16:00,33.5,54.0,35.7,778.0,1.93
10/26/2024 17:00,31.5,51.1,25.2,321.6,2.14
10/26/2024 18:00,29.0,62.1,23.8,139.1,1.78
10/26/2024 19:00,31.4,71.4,27.5,3.1,1.65
10/26/2024 20:00,26.7,68.3,25.9,0.0,1.63
10/26/2024 21:00,23.8,76.6,27.7,0.0,1.45
10/26/2024 22:00,24.2,87.3,31.5,0.0,1.06
10/26/2024 23:00,17.3,89.4,36.1,0.0,0.73
10/27/2024 00:00,18.6,95.0,37.0,0.0,0.82
10/27/2024 01:00,22.3,95.0,29.5,0.0,0.83
10/27/2024 02:00,20.7,95.0,29.7,0.0,0.81
10/27/2024 03:00,17.2,95.0,27.4,0.0,0.8
10/27/2024 04:00,18.1,95.0,25.2,0.0,0.93
10/27/2024 05:00,22.5,90.9,25.4,0.0,1.09
10/27/2024 06:00,24.1,88.2,25.6,38.7,1.11
10/27/2024 07:00,25.2,82.9,26.2,321.1,1.31
10/27/2024 08:00,27.0,79.3,24.4,786.7,1.5
10/27/2024 09:00,27.0,68.4,23.3,985.7,1.86
10/27/2024 10:00,30.5,61.8,16.9,1129.4,2.24
10/27/2024 11:00,32.5,47.7,23.3,1406.8,2.5
10/27/2024 12:00,32.2,54.7,25.9,1329.6,2.39
10/27/2024 13:00,34.1,52.6,40.5,1282.2,2.25
10/27/2024 14:00,33.5,51.0,24.8,1265.1,2.38
10/27/2024 15:00,34.3,45.5,27.7,1027.4,2.31
10/27/2024 16:00,32.1,57.7,23.2,778.7,2.11
10/27/2024 17:00,33.0,59.7,32.5,374.2,1.91
10/27/2024 18:00,30.2,67.0,23.1,59.6,1.74
10/27/2024 19:00,28.0,68.9,27.6,0.0,1.55
10/27/2024 20:00,26.4,80.5,31.0,0.0,1.33
10/27/2024 21:00,23.1,78.4,31.9,0.0,1.25
10/27/2024 22:00,24.7,85.4,26.7,0.0,1.09
10/27/2024 23:00,19.6,95.0,27.3,0.0,0.97
10/28/2024 00:00,18.7,95.0,24.8,0.0,0.95
10/28/2024 01:00,14.0,95.0,24.3,2.7,0.91
10/28/2024 02:00,19.4,95.0,35.3,0.0,0.68
10/28/2024 03:00,21.4,95.0,27.6,0.0,1.06
10/28/2024 04:00,17.1,93.8,27.4,0.0,0.82
10/28/2024 05:00,18.4,95.0,28.4,-999.0,0.89
10/28/2024 06:00,21.0,81.1,29.8,10.0,1.12
10/28/2024 07:00,21.5,88.4,32.2,396.7,1.2
10/28/2024 08:00,24.5,76.9,28.4,771.1,1.65
10/28/2024 09:00,29.4,69.5,19.6,983.9,2.03
10/28/2024 10:00,30.2,58.5,35.6,1420.3,2.09
10/28/2024 11:00,31.8,56.6,21.7,1455.1,2.43
10/28/2024 12:00,30.7,54.5,25.2,1347.4,2.23
10/28/2024 13:00,33.0,57.5,27.3,1342.1,2.32
10/28/2024 14:00,31.2,53.8,23.8,1291.5,2.45
10/28/2024 15:00,31.4,46.0,23.2,1143.7,2.31
10/28/2024 16:00,27.8,51.8,28.9,846.0,2.0
10/28/2024 17:00,30.9,61.4,18.3,357.1,2.06
10/28/2024 18:00,30.8,60.7,25.9,10.0,1.75
10/28/2024 19:00,28.9,65.1,26.6,0.0,1.69
10/28/2024 20:00,25.4,75.6,23.5,0.0,1.44
10/28/2024 21:00,25.0,82.0,25.2,0.0,1.33
10/28/2024 22:00,23.3,80.3,32.6,0.0,1.12
10/28/2024 23:00,21.1,95.0,23.2,0.0,0.99
10/29/2024 00:00,18.6,93.9,36.4,0.0,0.65
10/29/2024 01:00,17.3,95.0,25.0,0.0,0.86
10/29/2024 02:00,18.6,95.0,29.0,-999.0,0.81
10/29/2024 03:00,15.5,95.0,37.4,0.0,0.59
10/29/2024 04:00,19.5,95.0,24.1,0.0,1.11
10/29/2024 05:00,20.7,95.0,25.9,0.0,1.12
10/29/2024 06:00,23.4,89.4,28.9,10.0,1.18
10/29/2024 07:00,24.2,74.6,23.3,373.4,1.58
10/29/2024 08:00,25.9,79.3,19.4,761.5,1.58
10/29/2024 09:00,29.4,68.2,27.9,991.5,2.0
10/29/2024 10:00,31.9,64.5,24.9,1345.4,2.14
10/29/2024 11:00,33.2,63.1,29.3,1390.5,2.21
10/29/2024 12:00,30.6,55.4,27.6,1350.4,2.15
10/29/2024 13:00,33.2,49.8,20.2,1480.0,2.5
10/29/2024 14:00,33.7,47.4,29.1,1431.5,2.41
10/29/2024 15:00,32.6,52.6,23.8,1049.5,2.39
10/29/2024 16:00,29.5,58.0,26.4,717.1,1.99
10/29/2024 17:00,,51.3,31.5,391.5,2.0
10/29/2024 18:00,31.7,58.9,27.4,10.0,1.89
10/29/2024 19:00,24.2,68.2,25.3,0.0,1.53
10/29/2024 20:00,26.8,72.5,24.1,0.0,1.53
10/29/2024 21:00,22.3,84.4,26.8,0.0,0.93
10/29/2024 22:00,21.3,83.9,22.1,0.0,1.14
10/29/2024 23:00,20.5,95.0,30.1,0.0,0.84
10/30/2024 00:00,19.9,95.0,,0.0,0.85
10/30/2024 01:00,15.1,95.0,31.1,0.0,0.7
10/30/2024 02:00,17.3,95.0,32.2,0.0,0.64
10/30/2024 03:00,19.7,95.0,26.1,0.0,0.83
10/30/2024 04:00,18.2,95.0,31.6,0.2,0.87
10/30/2024 05:00,21.3,88.8,27.3,0.0,1.0
10/30/2024 06:00,24.4,83.3,31.3,71.4,1.32
10/30/2024 07:00,23.2,84.0,37.2,338.8,0.97
10/30/2024 08:00,22.6,77.5,20.7,720.2,1.65
10/30/2024 09:00,28.4,70.0,27.4,1163.0,1.83
10/30/2024 10:00,28.8,59.8,29.7,1371.1,2.12
10/30/2024 11:00,33.8,53.2,31.5,1570.7,2.42
10/30/2024 12:00,36.1,47.6,22.1,1441.2,2.5
10/30/2024 13:00,31.8,53.5,30.9,1504.5,2.31
10/30/2024 14:00,32.2,47.0,30.3,1361.4,2.36
10/30/2024 15:00,33.0,43.8,20.8,1213.6,2.48
10/30/2024 16:00,33.3,56.9,20.0,764.8,2.35
10/30/2024 17:00,31.7,67.4,18.8,472.9,1.99
10/30/2024 18:00,31.4,64.0,22.6,18.3,1.69
10/30/2024 19:00,29.2,69.6,28.8,0.0,1.64
10/30/2024 20:00,26.7,75.5,23.5,0.0,1.44
10/30/2024 21:00,26.1,86.5,26.2,0.0,1.27
10/30/2024 22:00,20.4,91.6,31.5,0.0,1.06
10/30/2024 23:00,18.8,91.4,30.3,0.0,0.94
10/31/2024 00:00,18.7,93.6,32.9,0.0,0.86
10/31/2024 01:00,16.6,95.0,34.7,0.0,0.69
10/31/2024 02:00,18.1,95.0,26.1,0.0,0.9
10/31/2024 03:00,14.4,95.0,24.4,0.0,0.94
10/31/2024 04:00,18.5,95.0,26.9,0.0,0.87
10/31/2024 05:00,22.9,84.0,33.2,0.0,1.09
10/31/2024 06:00,19.8,83.7,35.8,10.0,0.83
10/31/2024 07:00,26.0,82.7,23.4,405.6,1.41
10/31/2024 08:00,28.0,78.7,28.7,778.9,1.76
10/31/2024 09:00,28.1,64.4,28.4,1227.5,1.9
10/31/2024 10:00,29.3,64.0,26.0,1220.5,2.15
10/31/2024 11:00,35.8,58.0,20.6,1325.0,2.5
10/31/2024 12:00,34.9,55.0,24.5,1452.9,2.38
10/31/2024 13:00,35.2,54.1,18.3,1576.1,2.5
10/31/2024 14:00,36.5,45.3,18.6,1287.1,2.5
10/31/2024 15:00,37.0,53.3,22.9,978.6,2.5
10/31/2024 16:00,31.2,59.0,24.5,877.2,2.18
10/31/2024 17:00,31.4,55.5,24.2,422.5,2.06
10/31/2024 18:00,28.9,61.9,26.6,10.0,1.75
10/31/2024 19:00,26.3,64.5,20.4,0.0,1.57
10/31/2024 20:00,23.6,72.5,35.7,0.0,1.16
10/31/2024 21:00,24.2,82.9,28.3,0.0,1.21
10/31/2024 22:00,19.8,92.6,36.3,0.0,0.64
10/31/2024 23:00,18.5,91.7,25.6,0.0,1.01
11/01/2024 00:00,17.8,95.0,34.4,0.0,0.74
11/01/2024 01:00,20.1,95.0,26.7,0.0,0.88
11/01/2024 02:00,18.1,95.0,30.1,0.0,0.69
11/01/2024 03:00,16.8,95.0,29.7,0.0,0.94
11/01/2024 04:00,16.6,95.0,36.0,0.0,0.83
11/01/2024 05:00,19.6,94.4,31.4,0.0,0.86
11/01/2024 06:00,21.8,89.0,18.3,54.6,1.28
11/01/2024 07:00,23.5,88.6,25.3,356.0,1.44
11/01/2024 08:00,24.5,73.1,27.1,817.3,1.66
11/01/2024 09:00,25.7,66.7,24.9,1054.5,1.92
11/01/2024 10:00,30.8,56.3,30.0,1319.2,2.29
11/01/2024 11:00,32.5,61.2,27.1,1556.6,2.32
11/01/2024 12:00,32.8,61.3,28.7,1545.9,2.15
11/01/2024 13:00,31.4,51.9,26.2,1399.8,2.37
11/01/2024 14:00,36.9,52.4,19.4,1290.1,2.5
11/01/2024 15:00,33.0,49.4,23.2,960.2,2.36
11/01/2024 16:00,31.9,43.1,33.6,837.1,2.16
11/01/2024 17:00,31.7,53.2,32.3,540.0,1.98
11/01/2024 18:00,31.8,63.1,20.1,10.0,1.92
11/01/2024 19:00,27.3,67.8,26.4,0.0,1.57
11/01/2024 20:00,26.1,71.3,24.3,0.0,1.42
11/01/2024 21:00,25.7,74.1,31.9,4.7,1.43
11/01/2024 22:00,21.5,78.4,27.1,0.0,1.22
11/01/2024 23:00,18.5,90.9,35.6,0.0,0.83
11/02/2024 00:00,17.4,91.1,,0.0,0.87
11/02/2024 01:00,19.2,95.0,31.3,0.0,0.98
11/02/2024 02:00,19.5,95.0,28.4,0.0,0.86
11/02/2024 03:00,20.4,95.0,29.1,-999.0,0.91
11/02/2024 04:00,18.2,91.8,30.8,0.0,0.85
11/02/2024 05:00,21.2,90.8,33.5,0.0,0.83
11/02/2024 06:00,25.1,81.4,29.2,38.0,1.2
11/02/2024 07:00,24.7,85.9,18.7,428.4,1.31
11/02/2024 08:00,24.3,80.7,25.4,656.1,1.49
11/02/2024 09:00,31.8,62.1,21.3,1180.5,2.4
11/02/2024 10:00,29.8,58.2,34.4,1426.6,2.12
11/02/2024 11:00,30.2,57.2,25.3,1475.4,2.4
11/02/2024 12:00,34.5,49.6,30.2,1525.1,2.5
11/02/2024 13:00,36.4,47.0,23.9,1406.4,2.5
11/02/2024 14:00,34.6,58.8,17.3,1296.5,2.5
11/02/2024 15:00,33.9,50.5,19.6,1079.3,2.43
11/02/2024 16:00,29.0,57.5,30.1,754.1,1.95
11/02/2024 17:00,33.6,58.1,28.5,364.4,2.08
11/02/2024 18:00,30.6,63.2,20.7,23.0,1.8
11/02/2024 19:00,26.9,65.7,22.7,0.0,1.84
11/02/2024 20:00,28.4,81.7,21.6,0.0,1.5
11/02/2024 21:00,21.6,79.0,24.8,0.0,1.37
11/02/2024 22:00,21.3,91.2,31.0,0.0,1.14
11/02/2024 23:00,17.7,95.0,34.3,2.0,0.64
11/03/2024 00:00,20.9,95.0,27.8,1.6,0.88
11/03/2024 01:00,17.0,95.0,29.9,0.0,0.85
11/03/2024 02:00,16.6,95.0,,0.0,0.58
11/03/2024 03:00,17.5,95.0,30.2,0.0,0.78
11/03/2024 04:00,19.8,95.0,32.0,0.0,0.75
11/03/2024 05:00,19.8,95.0,32.6,0.0,0.71
11/03/2024 06:00,22.6,80.6,28.4,151.8,1.17
11/03/2024 07:00,22.4,84.1,22.1,337.6,1.42
11/03/2024 08:00,24.9,74.2,30.5,783.7,1.58
11/03/2024 09:00,27.5,69.8,26.3,1097.3,1.84
11/03/2024 10:00,,59.0,25.9,1234.2,2.07
11/03/2024 11:00,32.1,58.1,28.5,1414.4,2.28
11/03/2024 12:00,33.9,54.9,21.5,1511.9,2.5
11/03/2024 13:00,33.7,43.5,25.5,1625.9,2.5
11/03/2024 14:00,32.7,51.3,26.4,1394.5,2.3
11/03/2024 15:00,35.0,52.9,23.9,1087.8,2.49
11/03/2024 16:00,34.5,49.3,27.9,744.8,2.27
11/03/2024 17:00,31.8,56.8,30.2,381.5,1.82
11/03/2024 18:00,,63.1,31.1,48.2,1.56
11/03/2024 19:00,32.5,69.5,30.4,0.0,1.61
11/03/2024 20:00,27.0,77.9,31.8,0.0,1.39
11/03/2024 21:00,25.5,80.4,25.1,0.0,1.38
11/03/2024 22:00,23.7,86.7,32.2,0.0,1.18
11/03/2024 23:00,18.7,89.7,28.8,0.0,0.96
11/04/2024 00:00,18.1,95.0,31.3,0.0,0.8
11/04/2024 01:00,15.7,94.5,31.4,0.0,0.55
11/04/2024 02:00,19.8,95.0,42.0,0.0,0.81
11/04/2024 03:00,17.9,95.0,33.6,0.0,0.88
11/04/2024 04:00,16.1,90.4,27.7,0.0,0.92
11/04/2024 05:00,21.2,95.0,23.8,0.0,0.85
11/04/2024 06:00,23.5,84.6,19.9,11.6,1.4
11/04/2024 07:00,23.7,79.9,27.3,358.6,1.27
11/04/2024 08:00,24.7,76.8,28.9,763.4,1.46
11/04/2024 09:00,27.7,60.9,27.4,1175.0,1.9
11/04/2024 10:00,28.9,63.7,31.3,1263.2,1.91
11/04/2024 11:00,28.1,57.7,34.7,1471.1,2.02
11/04/2024 12:00,33.5,53.3,21.7,1565.9,2.5
11/04/2024 13:00,33.8,47.4,30.1,1502.1,2.41
11/04/2024 14:00,35.8,48.3,21.1,1238.3,2.46
11/04/2024 15:00,34.6,44.4,19.7,894.6,2.5
11/04/2024 16:00,32.7,52.2,21.0,656.2,2.31
11/04/2024 17:00,30.7,58.4,22.2,402.7,2.13
11/04/2024 18:00,31.1,61.1,26.7,10.0,1.79
11/04/2024 19:00,27.5,68.0,27.6,0.0,1.47
11/04/2024 20:00,24.2,70.1,21.3,0.0,1.45
11/04/2024 21:00,24.2,78.3,29.8,0.0,1.26
11/04/2024 22:00,18.5,89.8,32.7,0.0,0.77
11/04/2024 23:00,21.1,89.7,29.1,0.0,0.9
11/05/2024 00:00,15.8,95.0,29.8,0.0,0.72
11/05/2024 01:00,16.1,95.0,31.2,0.0,0.73
11/05/2024 02:00,18.3,95.0,34.2,0.0,0.65
11/05/2024 03:00,19.2,95.0,31.2,0.0,0.81
11/05/2024 04:00,18.1,95.0,23.9,0.0,0.86
11/05/2024 05:00,19.6,95.0,30.6,0.0,0.77
11/05/2024 06:00,21.4,85.3,25.7,78.3,1.06
11/05/2024 07:00,26.8,84.4,31.3,351.2,1.31
11/05/2024 08:00,23.4,73.2,30.0,853.7,1.47
11/05/2024 09:00,27.4,68.0,21.2,1108.0,1.95
11/05/2024 10:00,29.6,60.9,23.0,1298.5,2.19
11/05/2024 11:00,31.0,54.8,27.0,1581.2,2.35
11/05/2024 12:00,34.7,48.5,25.2,1412.2,2.42
11/05/2024 13:00,32.4,55.0,29.1,1468.3,2.18
11/05/2024 14:00,33.6,51.1,25.6,1151.5,2.3
11/05/2024 15:00,33.6,52.7,16.1,1047.7,2.5
11/05/2024 16:00,34.5,55.8,27.0,686.0,2.01
11/05/2024 17:00,30.9,60.8,31.3,445.1,1.86
11/05/2024 18:00,30.7,60.6,25.3,133.5,1.77
11/05/2024 19:00,31.0,67.4,31.0,0.0,1.49
11/05/2024 20:00,27.1,72.4,21.2,0.0,1.62
11/05/2024 21:00,25.7,78.5,21.3,0.0,1.46
11/05/2024 22:00,21.8,89.4,32.3,0.0,0.96
11/05/2024 23:00,23.7,93.5,26.5,0.0,0.95
11/06/2024 00:00,18.6,95.0,33.3,0.0,0.8
11/06/2024 01:00,16.1,95.0,32.9,0.0,0.82
11/06/2024 02:00,19.6,95.0,29.4,0.0,0.91
11/06/2024 03:00,20.5,94.5,27.5,0.0,0.89
11/06/2024 04:00,19.8,95.0,26.7,0.0,0.74
11/06/2024 05:00,19.6,95.0,31.3,0.0,0.87
11/06/2024 06:00,21.5,83.0,30.6,10.0,1.27
11/06/2024 07:00,25.0,79.4,25.1,380.8,1.45
11/06/2024 08:00,28.0,75.7,23.7,901.2,1.8
11/06/2024 09:00,29.5,66.4,27.6,1085.5,1.81
11/06/2024 10:00,33.6,67.0,23.3,1210.9,2.23
11/06/2024 11:00,31.8,58.6,26.2,1489.4,2.41
11/06/2024 12:00,34.0,49.7,30.3,1631.2,2.5
11/06/2024 13:00,31.7,51.7,17.2,1493.1,2.5
11/06/2024 14:00,37.5,47.3,17.0,1261.3,2.5
11/06/2024 15:00,35.1,43.6,24.6,894.4,2.45
11/06/2024 16:00,35.9,54.6,20.8,747.5,2.37
11/06/2024 17:00,32.5,52.5,27.6,171.9,1.94
11/06/2024 18:00,29.1,64.7,26.4,10.0,1.6
11/06/2024 19:00,28.4,68.3,24.2,0.0,1.61
11/06/2024 20:00,27.3,73.2,26.5,0.0,1.66
11/06/2024 21:00,21.4,75.0,31.7,0.0,1.13
11/06/2024 22:00,21.4,84.8,27.5,0.0,1.25
11/06/2024 23:00,21.8,95.0,22.8,0.0,0.98
11/07/2024 00:00,14.0,93.8,34.6,0.0,0.66
11/07/2024 01:00,17.9,95.0,26.9,0.0,0.89
11/07/2024 02:00,19.4,94.3,30.4,0.0,0.93
11/07/2024 03:00,17.5,95.0,41.0,0.0,0.57
11/07/2024 04:00,19.8,94.1,29.8,0.0,0.92
11/07/2024 05:00,20.7,89.1,29.6,0.0,1.11
11/07/2024 06:00,22.8,90.9,27.2,60.0,1.12
11/07/2024 07:00,22.2,82.6,24.4,337.6,1.36
11/07/2024 08:00,26.5,70.8,31.3,795.8,1.59
11/07/2024 09:00,25.3,68.0,25.6,1069.7,1.82
11/07/2024 10:00,26.4,61.1,25.9,1349.7,2.01
11/07/2024 11:00,34.7,50.6,29.8,1430.9,2.48
11/07/2024 12:00,33.1,57.3,23.5,1412.1,2.5
11/07/2024 13:00,33.5,51.6,29.9,1366.3,2.39
11/07/2024 14:00,32.9,49.5,25.4,1179.0,2.33
11/07/2024 15:00,36.2,54.0,23.9,1080.1,2.4
11/07/2024 16:00,35.4,52.6,25.3,841.7,2.26
11/07/2024 17:00,34.5,52.0,31.2,358.4,2.02
11/07/2024 18:00,26.6,60.9,22.9,10.0,1.72
11/07/2024 19:00,29.8,69.3,27.3,0.0,1.52
11/07/2024 20:00,24.4,81.3,24.7,0.0,1.45
11/07/2024 21:00,23.5,81.5,32.2,0.0,1.24
11/07/2024 22:00,21.8,86.1,28.2,0.0,1.13
11/07/2024 23:00,21.9,92.7,30.9,0.0,1.08
11/08/2024 00:00,19.8,95.0,23.0,0.0,0.8
11/08/2024 01:00,19.0,95.0,27.2,0.0,0.92
11/08/2024 02:00,17.9,95.0,30.0,0.0,0.75
11/08/2024 03:00,20.1,95.0,31.1,0.0,0.82
11/08/2024 04:00,17.9,95.0,29.7,0.0,0.86
11/08/2024 05:00,19.9,86.3,27.3,0.0,1.12
11/08/2024 06:00,21.5,86.6,32.5,10.0,0.88
11/08/2024 07:00,23.6,79.8,24.1,374.2,1.48
11/08/2024 08:00,26.0,76.1,34.5,722.6,1.49
11/08/2024 09:00,27.2,65.6,24.5,1022.4,1.98
11/08/2024 10:00,34.2,60.0,23.1,1294.0,2.38
11/08/2024 11:00,32.1,61.8,15.7,1257.9,2.36
11/08/2024 12:00,34.9,47.9,12.5,1545.7,2.5
11/08/2024 13:00,31.8,47.4,21.6,1457.7,2.5
11/08/2024 14:00,34.9,40.0,21.1,1209.0,2.5
11/08/2024 15:00,32.8,53.6,17.7,1064.3,2.49
11/08/2024 16:00,36.3,51.7,25.4,605.7,2.1
11/08/2024 17:00,33.2,57.3,29.8,278.4,1.97
11/08/2024 18:00,33.4,64.0,26.1,10.0,1.7
11/08/2024 19:00,30.5,66.4,27.9,0.0,1.54
11/08/2024 20:00,23.9,80.0,26.4,0.0,1.41
11/08/2024 21:00,23.8,75.0,31.4,0.4,1.21
11/08/2024 22:00,23.3,87.6,21.8,0.0,1.26
11/08/2024 23:00,24.3,94.4,27.5,-999.0,1.15
11/09/2024 00:00,19.5,95.0,24.8,0.0,0.98
11/09/2024 01:00,20.1,95.0,34.7,0.0,0.78
11/09/2024 02:00,16.4,95.0,28.9,0.0,0.85
11/09/2024 03:00,17.7,95.0,31.7,0.0,0.8
11/09/2024 04:00,15.5,92.7,34.1,0.0,0.68
11/09/2024 05:00,19.4,87.9,,0.0,0.9
11/09/2024 06:00,21.8,85.4,24.6,10.0,1.21
11/09/2024 07:00,27.7,76.2,31.3,466.1,1.44
11/09/2024 08:00,26.4,73.4,27.8,870.7,1.74
11/09/2024 09:00,29.0,67.0,20.4,1044.0,2.17
11/09/2024 10:00,27.3,58.8,27.3,1220.3,1.99
11/09/2024 11:00,30.9,52.5,21.8,1505.2,2.35
11/09/2024 12:00,30.1,51.1,28.9,1484.2,2.27
11/09/2024 13:00,33.8,44.7,26.8,1479.6,2.5
11/09/2024 14:00,35.8,46.1,28.8,1311.4,2.47
11/09/2024 15:00,33.7,50.5,29.8,974.5,2.19
11/09/2024 16:00,34.8,51.3,28.2,886.0,2.24
11/09/2024 17:00,32.9,53.3,28.1,404.2,2.08
11/09/2024 18:00,28.8,56.7,28.4,10.0,1.72
11/09/2024 19:00,29.8,69.2,33.9,0.0,1.56
11/09/2024 20:00,,75.1,27.4,0.0,1.24
11/09/2024 21:00,22.2,79.5,20.2,0.0,1.37
11/09/2024 22:00,21.6,81.6,30.1,0.0,1.18
11/09/2024 23:00,20.8,91.5,31.1,0.0,0.98
11/10/2024 00:00,19.6,93.8,30.2,0.0,0.97
11/10/2024 01:00,17.2,95.0,27.7,0.0,0.84
11/10/2024 02:00,16.8,95.0,23.0,0.0,0.88
11/10/2024 03:00,16.3,95.0,34.1,0.0,0.73
11/10/2024 04:00,14.8,95.0,31.7,0.0,0.62
11/10/2024 05:00,20.6,93.3,26.2,0.0,1.01
11/10/2024 06:00,20.9,86.1,26.0,10.0,1.13
11/10/2024 07:00,25.0,83.3,30.8,414.2,1.27
11/10/2024 08:00,,70.2,23.1,672.9,1.9
11/10/2024 09:00,29.8,70.2,30.3,990.3,1.86
11/10/2024 10:00,29.8,65.5,25.6,1268.2,2.12
11/10/2024 11:00,33.2,55.0,24.8,1364.2,2.18
11/10/2024 12:00,33.3,55.5,26.1,1344.0,2.32
11/10/2024 13:00,29.7,55.6,21.7,1549.3,2.46
11/10/2024 14:00,32.4,46.0,26.7,1231.5,2.43
11/10/2024 15:00,32.9,44.6,16.2,1078.8,2.5
11/10/2024 16:00,31.9,55.8,30.1,728.2,2.01
11/10/2024 17:00,32.6,52.6,26.1,432.4,2.15
11/10/2024 18:00,26.5,59.8,23.5,10.0,1.77
11/10/2024 19:00,30.8,66.8,23.8,0.0,1.84
11/10/2024 20:00,26.5,79.4,28.2,0.0,1.25
11/10/2024 21:00,21.5,76.0,31.2,0.0,1.28
11/10/2024 22:00,25.3,90.5,32.1,0.0,1.01
11/10/2024 23:00,18.3,95.0,31.2,0.0,0.81
11/11/2024 00:00,19.8,95.0,34.2,1.1,0.89
11/11/2024 01:00,19.3,95.0,31.3,0.0,0.79
11/11/2024 02:00,19.4,95.0,33.4,0.0,0.69
11/11/2024 03:00,18.8,95.0,31.6,0.0,0.8
11/11/2024 04:00,16.2,95.0,27.8,0.0,0.88
11/11/2024 05:00,20.3,94.1,25.1,0.0,0.95
11/11/2024 06:00,21.2,90.5,35.3,10.0,0.96
11/11/2024 07:00,20.0,77.3,25.2,280.0,1.19
11/11/2024 08:00,26.7,74.3,28.5,805.2,1.68
11/11/2024 09:00,29.3,68.3,21.5,1145.3,2.02
11/11/2024 10:00,28.3,61.9,22.9,1265.6,2.17
11/11/2024 11:00,32.3,54.2,23.4,1534.8,2.49
11/11/2024 12:00,36.7,57.5,28.6,1389.0,2.44
11/11/2024 13:00,33.6,48.9,25.6,1524.5,2.5
11/11/2024 14:00,32.4,52.6,22.7,1316.4,2.4
11/11/2024 15:00,33.3,53.5,20.8,1216.3,2.3
11/11/2024 16:00,31.9,54.6,27.8,742.0,2.1
11/11/2024 17:00,32.4,56.5,30.9,455.4,2.01
11/11/2024 18:00,28.3,62.2,25.3,10.0,1.74
11/11/2024 19:00,27.1,70.8,22.6,0.0,1.74
11/11/2024 20:00,24.4,75.8,30.8,0.0,1.23
11/11/2024 21:00,25.5,77.2,33.2,0.0,1.24
11/11/2024 22:00,20.9,86.5,32.0,0.0,0.94
11/11/2024 23:00,19.0,91.9,24.6,0.0,1.15
11/12/2024 00:00,18.1,95.0,30.4,0.0,0.73
11/12/2024 01:00,18.3,95.0,28.8,0.0,0.94
11/12/2024 02:00,19.8,95.0,27.2,0.0,0.84
11/12/2024 03:00,17.2,95.0,32.0,0.0,0.58
11/12/2024 04:00,19.1,95.0,28.2,0.0,0.99
11/12/2024 05:00,21.1,95.0,27.8,0.0,1.03
11/12/2024 06:00,24.9,92.1,23.2,10.0,1.18
11/12/2024 07:00,24.8,83.9,24.2,393.7,1.26
11/12/2024 08:00,28.6,73.2,26.6,725.2,1.84
11/12/2024 09:00,23.0,68.5,27.7,1024.4,1.85
11/12/2024 10:00,28.4,65.2,27.9,1400.0,1.98
11/12/2024 11:00,30.3,61.2,27.6,1325.3,2.09
11/12/2024 12:00,33.6,56.3,22.2,1266.9,2.44
11/12/2024 13:00,31.5,43.8,14.2,-999.0,2.5
11/12/2024 14:00,33.6,54.9,27.5,1428.3,2.25
11/12/2024 15:00,33.7,45.2,24.0,1040.8,2.5
11/12/2024 16:00,33.0,55.5,27.9,922.4,2.15
11/12/2024 17:00,30.0,58.2,22.8,506.8,2.0
11/12/2024 18:00,29.0,60.9,29.2,10.0,1.62
11/12/2024 19:00,31.1,65.5,25.8,0.0,1.79
11/12/2024 20:00,23.1,76.7,23.8,0.0,1.43
11/12/2024 21:00,22.2,83.9,32.8,0.0,1.12
11/12/2024 22:00,22.5,86.7,25.9,0.0,1.27
11/12/2024 23:00,19.1,89.0,31.9,0.0,0.84
11/13/2024 00:00,17.4,91.6,27.8,0.0,0.89
11/13/2024 01:00,18.7,95.0,31.5,0.0,0.79
11/13/2024 02:00,17.6,95.0,34.8,0.0,0.72
11/13/2024 03:00,17.4,95.0,24.0,0.0,0.97
11/13/2024 04:00,20.1,95.0,28.5,0.0,1.02
11/13/2024 05:00,19.5,95.0,29.0,0.0,0.83
11/13/2024 06:00,23.1,88.9,29.5,10.0,1.07
11/13/2024 07:00,28.2,85.6,29.4,397.2,1.47
11/13/2024 08:00,26.9,75.1,25.7,743.5,1.44
11/13/2024 09:00,28.4,66.8,32.9,1062.2,1.72
11/13/2024 10:00,29.9,58.8,27.9,1322.3,2.23
11/13/2024 11:00,30.2,57.4,20.5,1505.0,2.43
11/13/2024 12:00,33.8,53.4,26.5,1628.3,2.45
11/13/2024 13:00,34.0,47.1,21.3,1456.7,2.5
11/13/2024 14:00,33.5,49.2,23.3,1256.3,2.5
11/13/2024 15:00,31.0,55.3,23.0,1118.4,2.17
11/13/2024 16:00,34.1,55.7,26.3,670.4,2.18
11/13/2024 17:00,29.5,56.4,30.3,452.0,1.87
11/13/2024 18:00,28.2,64.8,26.6,10.0,1.71
11/13/2024 19:00,28.0,72.7,22.2,0.0,1.35
11/13/2024 20:00,26.5,76.0,20.3,0.0,1.47
11/13/2024 21:00,28.9,80.4,29.3,0.0,1.32
11/13/2024 22:00,18.2,86.9,28.5,0.0,0.94
11/13/2024 23:00,20.1,93.6,28.4,0.0,0.83
11/14/2024 00:00,19.9,89.8,20.8,2.8,1.19
11/14/2024 01:00,19.2,95.0,23.7,0.0,0.92
11/14/2024 02:00,17.5,94.4,26.8,0.0,0.93
11/14/2024 03:00,20.8,95.0,31.8,0.0,0.71
11/14/2024 04:00,20.3,93.8,30.1,0.0,0.88
11/14/2024 05:00,22.7,89.6,30.7,0.0,1.0
11/14/2024 06:00,21.7,86.9,25.1,10.0,1.14
11/14/2024 07:00,24.4,81.8,30.9,462.1,1.24
11/14/2024 08:00,27.6,70.8,29.1,799.6,1.57
11/14/2024 09:00,28.2,66.9,23.5,1168.7,1.97
11/14/2024 10:00,28.5,62.8,29.2,1287.7,2.11
11/14/2024 11:00,32.6,49.7,23.1,1403.9,2.5
11/14/2024 12:00,28.2,62.3,28.7,1511.9,2.19
11/14/2024 13:00,37.9,53.9,27.4,1459.3,2.5
11/14/2024 14:00,33.1,47.1,22.3,1191.0,2.49
11/14/2024 15:00,30.7,51.5,25.6,1072.4,2.22
11/14/2024 16:00,38.5,58.1,18.5,768.6,2.4
11/14/2024 17:00,29.8,52.6,27.8,333.7,2.03
11/14/2024 18:00,31.8,67.3,22.1,38.0,1.86
11/14/2024 19:00,27.2,65.8,33.3,0.0,1.48
11/14/2024 20:00,27.1,72.1,22.0,0.0,1.55
11/14/2024 21:00,23.7,77.7,27.9,0.0,1.15
11/14/2024 22:00,20.0,89.8,31.4,0.0,0.89
11/14/2024 23:00,18.5,89.1,28.0,0.0,1.01
11/15/2024 00:00,20.7,94.9,24.2,0.0,1.03
11/15/2024 01:00,16.8,95.0,35.3,0.0,0.74
11/15/2024 02:00,18.3,95.0,30.4,0.0,0.9
11/15/2024 03:00,17.6,95.0,34.9,0.0,0.84
11/15/2024 04:00,19.6,95.0,34.8,0.0,0.8
11/15/2024 05:00,19.4,91.1,30.1,0.0,0.81
11/15/2024 06:00,21.7,91.3,19.7,122.8,1.31
11/15/2024 07:00,23.1,83.4,28.1,486.6,1.4
11/15/2024 08:00,23.5,77.1,27.1,756.6,1.48
11/15/2024 09:00,31.2,72.2,22.7,953.9,1.95
11/15/2024 10:00,30.8,63.3,30.8,-999.0,2.14
11/15/2024 11:00,32.2,52.5,24.6,1533.7,2.44
11/15/2024 12:00,33.8,52.2,20.7,1490.1,2.5
11/15/2024 13:00,32.5,50.0,21.5,1538.4,2.5
11/15/2024 14:00,36.6,55.4,23.7,1218.4,2.29
11/15/2024 15:00,31.1,46.0,31.2,1069.9,2.27
11/15/2024 16:00,28.9,49.2,29.9,772.9,2.05
11/15/2024 17:00,32.7,63.0,24.3,393.8,1.98
11/15/2024 18:00,34.3,55.2,27.4,10.0,2.0
11/15/2024 19:00,26.9,68.4,29.8,0.0,1.73
11/15/2024 20:00,27.5,72.0,25.1,0.0,1.51
11/15/2024 21:00,20.7,80.3,31.7,0.0,0.98
11/15/2024 22:00,23.9,89.2,24.9,0.0,1.17
11/15/2024 23:00,23.2,95.0,28.1,0.0,0.99
11/16/2024 00:00,19.2,94.9,20.8,0.0,1.2
11/16/2024 01:00,18.6,95.0,29.2,0.0,0.79
11/16/2024 02:00,17.7,94.4,38.8,0.0,0.54
11/16/2024 03:00,16.4,95.0,35.2,0.0,0.66
11/16/2024 04:00,16.8,95.0,32.9,0.0,0.76
11/16/2024 05:00,21.6,95.0,37.3,0.0,0.72
11/16/2024 06:00,24.9,88.8,29.5,10.0,1.11
11/16/2024 07:00,22.5,84.4,32.5,222.3,1.12
11/16/2024 08:00,28.0,74.3,29.5,778.1,1.7
11/16/2024 09:00,27.6,64.3,22.2,1117.4,2.06
11/16/2024 10:00,29.8,61.0,24.8,1382.8,2.17
11/16/2024 11:00,29.2,59.9,25.4,1451.4,2.33
11/16/2024 12:00,32.9,54.4,20.4,1482.4,2.5
11/16/2024 13:00,30.9,51.6,26.1,1452.2,2.45
11/16/2024 14:00,34.6,55.2,20.6,1309.9,2.5
11/16/2024 15:00,31.8,54.2,34.8,1059.3,2.1
11/16/2024 16:00,33.1,50.9,17.8,693.5,2.27
11/16/2024 17:00,34.7,56.9,23.2,459.4,2.07
11/16/2024 18:00,28.6,62.7,30.5,40.1,1.64
11/16/2024 19:00,28.2,69.9,27.3,0.0,1.47
11/16/2024 20:00,26.1,71.2,27.5,0.0,1.43
11/16/2024 21:00,,81.3,20.8,0.0,1.51
11/16/2024 22:00,22.9,93.4,25.8,0.0,0.94
11/16/2024 23:00,21.8,87.8,26.7,0.0,1.08
11/17/2024 00:00,18.9,95.0,26.6,0.0,0.89
11/17/2024 01:00,18.2,95.0,29.9,0.0,0.86
11/17/2024 02:00,19.5,95.0,31.0,0.0,0.71
11/17/2024 03:00,18.4,95.0,32.4,0.0,0.72
11/17/2024 04:00,17.9,94.6,31.8,0.0,0.86
11/17/2024 05:00,19.6,95.0,29.6,0.0,0.86
11/17/2024 06:00,21.6,90.1,29.8,182.1,0.99
11/17/2024 07:00,24.9,79.6,24.1,387.4,1.5
11/17/2024 08:00,31.3,74.4,21.1,771.8,1.77
11/17/2024 09:00,27.9,68.6,29.8,1138.5,1.81
11/17/2024 10:00,29.7,59.8,21.6,1323.8,2.16
11/17/2024 11:00,30.9,53.8,27.9,1593.0,2.24
11/17/2024 12:00,29.6,52.9,26.2,1517.5,2.29
11/17/2024 13:00,33.4,52.1,29.1,1292.5,2.3
11/17/2024 14:00,34.4,46.8,31.6,1248.2,2.37
11/17/2024 15:00,34.7,48.8,17.2,1026.4,2.5
11/17/2024 16:00,32.3,50.4,29.0,723.5,2.11
11/17/2024 17:00,31.9,60.0,35.0,454.4,1.89
11/17/2024 18:00,29.1,58.9,26.5,10.0,1.68
11/17/2024 19:00,27.8,69.9,28.1,0.0,1.56
11/17/2024 20:00,26.5,73.2,25.0,0.0,1.4
11/17/2024 21:00,27.1,81.5,26.0,0.0,1.3
11/17/2024 22:00,27.3,83.7,25.1,0.0,1.39
11/17/2024 23:00,21.4,95.0,35.8,0.8,0.84
11/18/2024 00:00,17.2,95.0,31.1,0.0,0.93
11/18/2024 01:00,15.8,95.0,31.0,0.0,0.8
11/18/2024 02:00,17.8,95.0,32.7,0.0,0.81
11/18/2024 03:00,20.0,95.0,26.6,0.0,0.82
11/18/2024 04:00,20.5,95.0,25.0,0.0,0.95
11/18/2024 05:00,19.5,87.5,25.9,0.0,0.96
11/18/2024 06:00,21.3,84.9,22.1,161.8,1.37
11/18/2024 07:00,22.5,82.4,29.9,483.5,1.22
11/18/2024 08:00,28.0,73.1,21.3,807.9,1.96
11/18/2024 09:00,32.7,64.3,28.0,1027.9,2.13
11/18/2024 10:00,27.4,58.1,23.7,1305.4,2.12
11/18/2024 11:00,32.8,60.9,27.6,1578.4,2.33
11/18/2024 12:00,30.7,58.1,23.4,1572.8,2.48
11/18/2024 13:00,34.5,45.6,21.0,1554.7,2.5
11/18/2024 14:00,34.1,52.7,27.6,1321.3,2.36
11/18/2024 15:00,33.2,53.9,27.3,1040.1,2.34
11/18/2024 16:00,32.7,50.4,22.2,671.7,2.26
11/18/2024 17:00,33.9,54.5,25.6,-999.0,2.07
11/18/2024 18:00,27.3,61.7,26.0,43.2,1.7
11/18/2024 19:00,25.9,72.3,28.1,0.0,1.45
11/18/2024 20:00,26.0,73.2,28.1,0.0,1.46
11/18/2024 21:00,20.8,79.6,27.7,0.0,1.2
11/18/2024 22:00,24.1,84.8,25.8,0.0,1.19
11/18/2024 23:00,18.9,91.5,32.4,0.0,0.76
11/19/2024 00:00,19.8,90.7,26.8,0.0,0.97
11/19/2024 01:00,21.3,95.0,19.8,4.7,0.96
11/19/2024 02:00,18.1,95.0,31.1,1.6,0.81
11/19/2024 03:00,20.4,95.0,32.5,0.0,0.71
11/19/2024 04:00,17.4,90.3,28.7,0.0,0.89
11/19/2024 05:00,20.5,92.9,25.1,0.0,1.0
11/19/2024 06:00,19.3,92.3,28.0,10.0,1.06
11/19/2024 07:00,21.7,77.5,24.1,382.8,1.46
11/19/2024 08:00,27.3,84.0,17.8,798.7,1.7
11/19/2024 09:00,27.0,66.4,23.3,1195.4,2.07
11/19/2024 10:00,30.0,67.2,19.9,1192.6,1.98
11/19/2024 11:00,30.4,57.9,26.3,1460.8,2.14
11/19/2024 12:00,34.4,54.2,27.6,1348.6,2.4
11/19/2024 13:00,31.6,49.5,27.7,1456.2,2.32
11/19/2024 14:00,34.0,44.6,29.4,1282.6,2.5
11/19/2024 15:00,32.8,49.0,22.1,1130.8,2.39
11/19/2024 16:00,34.1,52.0,16.9,704.4,2.32
11/19/2024 17:00,31.7,53.2,29.2,380.9,1.97
11/19/2024 18:00,31.2,65.9,25.6,10.0,1.6
11/19/2024 19:00,26.8,66.4,27.4,0.0,1.53
11/19/2024 20:00,27.2,72.9,26.6,0.0,1.59
11/19/2024 21:00,24.5,81.3,25.2,0.0,1.26
11/19/2024 22:00,20.5,85.6,31.9,0.0,0.98
11/19/2024 23:00,17.9,95.0,30.9,0.0,0.68
11/20/2024 00:00,18.3,95.0,36.3,0.0,0.61
11/20/2024 01:00,20.0,95.0,26.5,0.0,0.92
11/20/2024 02:00,16.1,95.0,30.0,0.0,0.81
11/20/2024 03:00,20.2,95.0,21.1,0.0,1.06
11/20/2024 04:00,19.6,95.0,27.8,0.0,0.92
11/20/2024 05:00,23.1,94.0,26.6,0.0,1.01
11/20/2024 06:00,21.7,93.2,27.8,10.0,0.96
11/20/2024 07:00,25.9,88.3,29.0,394.9,1.29
11/20/2024 08:00,21.7,77.6,29.0,784.3,1.39
11/20/2024 09:00,27.4,67.1,30.9,1030.4,1.97
11/20/2024 10:00,30.8,58.0,25.2,1246.9,2.05
11/20/2024 11:00,34.5,59.8,26.8,1462.1,2.23
11/20/2024 12:00,32.1,56.3,21.2,1297.5,2.37
11/20/2024 13:00,33.5,51.3,27.9,1499.9,2.45
11/20/2024 14:00,36.2,44.7,26.2,1349.2,2.5
11/20/2024 15:00,31.0,48.2,23.1,1120.9,2.33
11/20/2024 16:00,31.4,51.2,30.1,751.0,2.08
11/20/2024 17:00,31.5,61.8,22.6,493.5,2.03
11/20/2024 18:00,29.7,71.3,21.9,10.0,1.59
11/20/2024 19:00,29.8,74.4,32.7,0.0,1.52
11/20/2024 20:00,25.6,73.7,20.6,0.0,1.71
11/20/2024 21:00,24.8,79.7,32.9,0.0,1.11
11/20/2024 22:00,22.7,86.9,30.7,0.0,1.06
11/20/2024 23:00,17.7,92.9,33.9,0.0,0.76
11/21/2024 00:00,20.5,93.0,28.7,0.0,0.9
11/21/2024 01:00,19.6,95.0,31.9,2.8,0.91
11/21/2024 02:00,19.2,95.0,25.2,0.0,0.95
11/21/2024 03:00,17.3,95.0,28.3,0.0,0.75
11/21/2024 04:00,15.5,94.3,31.1,0.0,0.62
11/21/2024 05:00,20.4,95.0,33.0,0.0,0.96
11/21/2024 06:00,22.7,91.6,25.3,10.0,0.88
11/21/2024 07:00,26.1,86.9,25.0,367.9,1.33
11/21/2024 08:00,26.7,78.9,20.0,782.8,1.73
11/21/2024 09:00,28.3,70.1,25.8,1052.4,1.88
11/21/2024 10:00,31.7,64.0,26.4,1197.4,2.09
11/21/2024 11:00,33.3,57.5,27.6,1590.2,2.44
11/21/2024 12:00,33.1,51.6,14.9,1486.5,2.5
11/21/2024 13:00,34.4,50.3,23.4,1306.5,2.43
11/21/2024 14:00,34.9,56.0,24.1,1325.3,2.5
11/21/2024 15:00,32.3,52.1,22.3,1129.8,2.39
11/21/2024 16:00,33.5,50.6,27.8,916.8,2.18
11/21/2024 17:00,31.0,58.1,28.8,343.5,1.66
11/21/2024 18:00,32.4,65.2,18.3,10.0,2.06
11/21/2024 19:00,30.7,71.8,25.1,0.0,1.65
11/21/2024 20:00,25.8,78.9,23.8,0.0,1.35
11/21/2024 21:00,25.7,81.3,,0.0,1.14
11/21/2024 22:00,21.9,84.3,28.5,0.0,1.0
11/21/2024 23:00,19.5,87.7,31.9,0.0,0.99
11/22/2024 00:00,16.0,95.0,40.2,0.0,0.55
11/22/2024 01:00,17.1,95.0,24.6,0.0,0.9
11/22/2024 02:00,18.3,95.0,30.9,0.0,0.77
11/22/2024 03:00,16.6,95.0,26.0,0.0,0.86
11/22/2024 04:00,18.1,91.4,34.6,0.0,0.74
11/22/2024 05:00,18.1,92.1,29.8,0.0,0.73
11/22/2024 06:00,22.6,83.8,35.1,41.9,1.0
11/22/2024 07:00,22.6,81.1,30.7,386.2,1.25
11/22/2024 08:00,26.1,72.9,25.8,583.1,1.73
11/22/2024 09:00,28.6,65.8,34.0,1067.6,1.73
11/22/2024 10:00,31.5,63.9,27.1,1265.0,2.16
11/22/2024 11:00,31.2,59.3,18.0,1414.2,2.5
11/22/2024 12:00,31.5,51.2,23.8,1402.8,2.25
11/22/2024 13:00,33.3,51.3,24.8,1437.3,2.47
11/22/2024 14:00,35.8,49.3,22.0,1276.5,2.5
11/22/2024 15:00,36.3,48.7,24.5,1087.7,2.42
11/22/2024 16:00,33.0,48.2,18.0,779.3,2.41
11/22/2024 17:00,32.0,57.3,21.5,384.6,1.99
11/22/2024 18:00,32.5,57.8,24.5,10.0,1.97
11/22/2024 19:00,27.5,66.7,30.2,0.0,1.52
11/22/2024 20:00,26.9,71.6,21.3,0.0,1.62
11/22/2024 21:00,23.4,83.7,27.7,0.0,1.21
11/22/2024 22:00,19.1,94.1,28.6,0.0,0.95
11/22/2024 23:00,18.8,93.8,24.1,3.3,1.01
11/23/2024 00:00,18.4,95.0,32.3,0.0,0.68
11/23/2024 01:00,17.0,95.0,38.3,0.0,0.61
11/23/2024 02:00,19.1,95.0,37.0,0.0,0.57
11/23/2024 03:00,18.4,93.5,19.5,0.0,1.08
11/23/2024 04:00,19.3,95.0,28.8,0.0,1.13
11/23/2024 05:00,19.9,94.5,26.4,0.0,0.98
11/23/2024 06:00,21.6,86.1,35.8,94.2,0.98
11/23/2024 07:00,19.8,80.2,39.9,369.8,1.09
11/23/2024 08:00,28.6,75.8,23.1,555.2,1.78
11/23/2024 09:00,26.6,69.1,22.0,1039.4,1.94
11/23/2024 10:00,30.5,58.6,30.6,1251.3,1.97
11/23/2024 11:00,31.5,57.4,26.2,1557.9,2.31
11/23/2024 12:00,32.7,49.5,28.5,1514.7,2.39
11/23/2024 13:00,30.3,55.9,21.0,1401.6,2.4
11/23/2024 14:00,31.8,44.8,17.0,1356.7,2.5
11/23/2024 15:00,39.0,47.4,19.6,1015.4,2.5
11/23/2024 16:00,32.1,55.5,21.5,639.5,2.05
11/23/2024 17:00,27.7,55.5,25.5,337.7,1.99
11/23/2024 18:00,32.2,61.3,18.2,10.0,1.94
11/23/2024 19:00,26.9,66.1,24.3,0.0,1.6
11/23/2024 20:00,24.9,75.7,29.0,0.0,1.26
11/23/2024 21:00,26.2,78.0,20.7,0.0,1.53
11/23/2024 22:00,20.5,88.6,19.2,0.0,1.31
11/23/2024 23:00,21.6,87.4,22.6,0.0,1.32
11/24/2024 00:00,17.7,93.7,20.6,0.0,0.99
11/24/2024 01:00,17.9,95.0,24.0,0.0,0.81
11/24/2024 02:00,18.8,95.0,23.1,0.0,1.06
11/24/2024 03:00,18.3,95.0,29.2,0.0,0.64
11/24/2024 04:00,18.8,95.0,25.8,0.0,0.89
11/24/2024 05:00,20.0,82.5,35.7,0.0,0.88
11/24/2024 06:00,22.9,87.2,33.2,32.5,1.01
11/24/2024 07:00,22.3,84.3,20.8,439.9,1.33
11/24/2024 08:00,28.3,75.6,29.1,756.6,1.52
11/24/2024 09:00,26.5,70.9,27.7,1155.1,1.86
11/24/2024 10:00,28.3,59.7,26.9,1113.9,2.18
11/24/2024 11:00,32.5,61.6,18.9,1548.5,2.5
11/24/2024 12:00,30.6,56.0,25.8,1376.4,2.31
11/24/2024 13:00,35.2,48.7,29.1,1315.5,2.32
11/24/2024 14:00,34.2,50.1,21.9,1363.8,2.5
11/24/2024 15:00,35.3,50.4,26.8,1025.0,2.5
11/24/2024 16:00,31.5,60.7,25.7,640.0,2.12
11/24/2024 17:00,31.9,60.3,30.3,415.3,1.82
11/24/2024 18:00,31.8,62.5,28.2,10.0,1.79
11/24/2024 19:00,26.9,74.3,29.4,0.0,1.42
11/24/2024 20:00,26.9,71.5,33.4,2.1,1.53
11/24/2024 21:00,24.6,87.0,25.3,0.0,1.16
11/24/2024 22:00,22.1,89.0,26.8,0.0,1.14
11/24/2024 23:00,20.9,89.2,30.8,0.0,1.04
11/25/2024 00:00,19.4,95.0,24.3,0.0,1.01
11/25/2024 01:00,16.2,95.0,27.6,0.0,0.73
11/25/2024 02:00,17.0,95.0,33.2,0.0,0.7
11/25/2024 03:00,15.4,95.0,27.0,0.0,0.79
11/25/2024 04:00,19.9,95.0,33.4,0.0,0.84
11/25/2024 05:00,18.8,95.0,30.1,0.0,0.83
11/25/2024 06:00,23.7,88.4,29.5,199.4,1.13
11/25/2024 07:00,23.4,81.9,,267.7,1.05
11/25/2024 08:00,,69.3,25.8,790.2,1.66
11/25/2024 09:00,25.5,68.8,30.8,925.1,1.76
11/25/2024 10:00,31.5,65.8,30.4,1475.2,2.06
11/25/2024 11:00,31.9,55.9,25.4,1571.5,2.27
11/25/2024 12:00,31.4,58.2,29.7,1470.9,2.28
11/25/2024 13:00,34.3,56.1,25.0,1530.9,2.5
11/25/2024 14:00,35.1,50.2,27.4,1269.8,2.5
11/25/2024 15:00,34.1,49.9,21.4,1148.4,2.5
11/25/2024 16:00,32.0,55.4,19.4,764.8,2.31
11/25/2024 17:00,34.7,54.6,19.5,316.6,2.12
11/25/2024 18:00,32.4,67.9,26.6,97.7,1.76
11/25/2024 19:00,27.9,67.4,25.4,0.0,1.49
11/25/2024 20:00,26.5,74.9,30.0,0.0,1.38
11/25/2024 21:00,,78.4,28.2,0.0,1.33
11/25/2024 22:00,19.9,87.8,30.0,0.0,0.92
11/25/2024 23:00,19.3,93.5,24.7,3.0,1.01
11/26/2024 00:00,17.5,95.0,39.1,3.7,0.55
11/26/2024 01:00,19.2,95.0,33.4,0.0,0.68
11/26/2024 02:00,18.9,95.0,28.5,0.0,0.79
11/26/2024 03:00,19.8,95.0,31.3,0.0,0.82
11/26/2024 04:00,18.9,95.0,26.3,0.0,0.93
11/26/2024 05:00,23.1,90.0,32.8,0.0,1.11
11/26/2024 06:00,20.5,82.4,30.1,10.0,1.23
11/26/2024 07:00,24.0,78.7,23.2,475.4,1.47
11/26/2024 08:00,26.1,78.3,25.2,746.3,1.63
11/26/2024 09:00,29.3,70.6,25.3,1065.8,1.9
11/26/2024 10:00,27.3,63.4,34.4,1228.3,1.79
11/26/2024 11:00,30.1,59.9,27.8,1436.2,2.11
11/26/2024 12:00,33.1,47.9,25.6,1569.7,2.43
11/26/2024 13:00,31.0,56.4,23.3,1539.8,2.37
11/26/2024 14:00,33.7,51.5,21.4,1309.6,2.47
11/26/2024 15:00,31.4,52.0,24.5,1048.1,2.19
11/26/2024 16:00,35.8,56.4,28.1,725.6,2.05
11/26/2024 17:00,35.2,57.1,21.4,421.6,2.29
11/26/2024 18:00,30.0,67.0,30.3,10.0,1.54
11/26/2024 19:00,29.8,59.0,25.5,0.0,1.68
11/26/2024 20:00,25.1,74.0,26.0,0.0,1.38
11/26/2024 21:00,22.0,89.5,35.9,0.0,0.81
11/26/2024 22:00,24.8,86.1,28.1,0.0,1.19
11/26/2024 23:00,19.2,95.0,29.7,0.0,0.82
11/27/2024 00:00,16.7,93.5,23.4,0.0,0.93
11/27/2024 01:00,16.1,95.0,35.7,0.0,0.74
11/27/2024 02:00,17.9,95.0,37.1,0.0,0.71
11/27/2024 03:00,17.7,94.2,31.3,0.0,0.86
11/27/2024 04:00,17.9,95.0,28.2,0.0,0.83
11/27/2024 05:00,15.9,91.9,34.1,0.0,0.67
11/27/2024 06:00,22.1,84.9,29.8,10.0,1.02
11/27/2024 07:00,26.3,84.7,24.7,428.1,1.5
11/27/2024 08:00,27.2,69.1,30.9,704.4,1.64
11/27/2024 09:00,32.8,69.6,23.6,884.2,2.14
11/27/2024 10:00,27.6,59.0,25.4,1412.4,2.22
11/27/2024 11:00,31.4,58.4,23.2,1460.1,2.35
11/27/2024 12:00,34.7,56.7,26.6,1471.0,2.46
11/27/2024 13:00,33.6,47.1,23.3,1455.7,2.5
11/27/2024 14:00,33.7,45.8,25.1,1308.1,2.5
11/27/2024 15:00,35.4,54.4,22.0,1011.4,2.33
11/27/2024 16:00,34.2,58.4,23.5,730.7,2.32
11/27/2024 17:00,32.6,58.8,20.5,442.5,2.04
11/27/2024 18:00,28.0,61.3,24.3,10.0,1.62
11/27/2024 19:00,29.8,72.5,18.3,0.0,1.82
11/27/2024 20:00,24.5,78.0,27.4,0.0,1.32
11/27/2024 21:00,,85.7,23.0,0.0,1.31
11/27/2024 22:00,24.0,90.0,37.1,0.0,0.89
11/27/2024 23:00,22.1,92.3,33.3,0.0,0.91
11/28/2024 00:00,18.4,95.0,27.5,0.0,0.76
11/28/2024 01:00,17.3,95.0,35.4,0.0,0.69
11/28/2024 02:00,20.4,95.0,27.1,0.0,0.92
11/28/2024 03:00,18.1,95.0,32.3,0.0,0.74
11/28/2024 04:00,19.3,95.0,25.5,0.0,0.93
11/28/2024 05:00,20.1,92.1,29.1,0.0,0.95
11/28/2024 06:00,21.2,92.0,24.0,10.0,1.3
11/28/2024 07:00,22.1,76.7,31.3,222.1,1.23
11/28/2024 08:00,29.9,69.6,18.1,630.1,2.05
11/28/2024 09:00,30.1,66.7,28.7,1171.9,2.12
11/28/2024 10:00,29.6,54.4,22.8,1264.9,2.27
11/28/2024 11:00,31.3,61.2,30.7,1435.2,2.23
11/28/2024 12:00,33.6,53.6,28.5,1505.8,2.5
11/28/2024 13:00,31.1,49.0,25.2,1484.0,2.5
11/28/2024 14:00,34.0,45.0,28.2,1359.4,2.33
11/28/2024 15:00,33.7,45.3,22.2,988.4,2.5
11/28/2024 16:00,33.1,48.8,28.6,635.3,2.21
11/28/2024 17:00,30.2,56.0,28.0,429.9,2.04
11/28/2024 18:00,29.9,63.6,24.3,14.6,1.8
11/28/2024 19:00,27.9,62.2,28.0,0.0,1.67
11/28/2024 20:00,24.8,70.5,33.5,0.0,1.36
11/28/2024 21:00,23.5,77.5,24.7,0.0,1.45
11/28/2024 22:00,22.2,85.6,30.4,0.0,1.01
11/28/2024 23:00,23.0,95.0,26.2,0.0,0.99
11/29/2024 00:00,14.4,91.5,25.3,0.0,0.86
11/29/2024 01:00,17.7,94.4,28.6,0.0,0.88
11/29/2024 02:00,19.0,93.4,28.8,0.0,0.78
11/29/2024 03:00,19.9,95.0,25.4,0.0,0.9
11/29/2024 04:00,18.2,88.8,30.9,0.0,0.87
11/29/2024 05:00,22.1,88.8,25.9,0.0,0.99
11/29/2024 06:00,20.2,83.4,32.9,10.0,1.01
11/29/2024 07:00,23.2,77.0,27.4,-999.0,1.33
11/29/2024 08:00,27.5,72.0,24.8,792.5,1.73
11/29/2024 09:00,28.1,67.4,27.1,870.2,1.7
11/29/2024 10:00,31.1,66.1,22.0,1279.5,2.21
11/29/2024 11:00,32.9,50.2,21.6,1422.3,2.5
11/29/2024 12:00,37.4,52.6,18.2,1532.2,2.5
11/29/2024 13:00,33.9,47.7,28.7,1502.0,2.4
11/29/2024 14:00,34.7,53.5,29.3,1293.7,2.31
11/29/2024 15:00,35.9,46.6,26.0,951.1,2.5
11/29/2024 16:00,32.5,57.8,,652.1,2.17
11/29/2024 17:00,34.4,60.4,21.6,363.7,2.11
11/29/2024 18:00,28.7,68.4,27.0,10.0,1.63
11/29/2024 19:00,27.4,68.3,25.3,0.0,1.66
11/29/2024 20:00,28.0,76.0,25.2,0.0,1.49
11/29/2024 21:00,24.0,78.7,,0.0,1.27
11/29/2024 22:00,24.8,91.9,,0.0,1.24
11/29/2024 23:00,18.6,95.0,27.4,0.0,0.8
